"ID","type","slug","title","content","excerpt","long_excerpt","short_excerpt","link","featured_image","author","publish_date","date","button","map","address","coordinates","country_image","info"
7396,"project","mwanza-2","Mwanza 2","","","","","https://trees.org/project/mwanza-2/","","","15 Feb 2024","2024-02-15","https://trees.org/project/mwanza-2/, Read more, _self","7JGG+96 Kabila, Tanzania, -2.72407, 33.62559, 3, GhIJJR5QNuXKBcARMVpHVRPQQEA, Kabila, Mwanza Region, Tanzania, TZ","Kabila, Tanzania","-2.72407, 33.62559","5755, 5755, tanzia, tanzia.svg, 5868, https://trees.org/wp-content/uploads/2022/03/tanzia.svg, https://trees.org/tanzia/, tanzia, 1, , , tanzia, inherit, 0, 2022-03-31 00:52:17, 2022-03-31 00:52:17, 0, image/svg+xml, image, svg+xml, https://trees.org/wp-includes/images/media/default.png, 80, 81, https://trees.org/wp-content/uploads/2022/03/tanzia.svg, 80, 81, https://trees.org/wp-content/uploads/2022/03/tanzia.svg, 80, 81, https://trees.org/wp-content/uploads/2022/03/tanzia.svg, 80, 81, https://trees.org/wp-content/uploads/2022/03/tanzia.svg, 80, 81, https://trees.org/wp-content/uploads/2022/03/tanzia.svg, 80, 81, https://trees.org/wp-content/uploads/2022/03/tanzia.svg, 80, 81","Project Name: , Mwanza 2, Project Type: , Expansion, Started: , 2024"
7395,"project","mwanza-1","Mwanza 1","","","","","https://trees.org/project/mwanza-1/","","","15 Feb 2024","2024-02-15","https://trees.org/project/mwanza-1/, Read more, _self","8FHH+5F Buhumbi, Tanzania, -2.67202, 33.47873, 3, GhIJOBCSBUxgBcARms5OBke9QEA, Buhumbi, Mwanza Region, Tanzania, TZ","Buhumbi, Tanzania","-2.67202, 33.47873","5755, 5755, tanzia, tanzia.svg, 5868, https://trees.org/wp-content/uploads/2022/03/tanzia.svg, https://trees.org/tanzia/, tanzia, 1, , , tanzia, inherit, 0, 2022-03-31 00:52:17, 2022-03-31 00:52:17, 0, image/svg+xml, image, svg+xml, https://trees.org/wp-includes/images/media/default.png, 80, 81, https://trees.org/wp-content/uploads/2022/03/tanzia.svg, 80, 81, https://trees.org/wp-content/uploads/2022/03/tanzia.svg, 80, 81, https://trees.org/wp-content/uploads/2022/03/tanzia.svg, 80, 81, https://trees.org/wp-content/uploads/2022/03/tanzia.svg, 80, 81, https://trees.org/wp-content/uploads/2022/03/tanzia.svg, 80, 81, https://trees.org/wp-content/uploads/2022/03/tanzia.svg, 80, 81","Project Name: , Mwanza 1, Project Type: , Expansion, Started: , 2024"
7394,"project","singida-3-pif-2","Singida 3 PIF 2","","","","","https://trees.org/project/singida-3-pif-2/","","","15 Feb 2024","2024-02-15","https://trees.org/project/singida-3-pif-2/, Read more, _self","3VQQ+GM Mungaa, Tanzania, -4.911197, 34.889133, 3, GhIJbtqM0xClE8ARrmUyHM9xQUA, Mungaa, Singida Region, Tanzania, TZ","Mungaa, Tanzania","-4.911197, 34.889133","5755, 5755, tanzia, tanzia.svg, 5868, https://trees.org/wp-content/uploads/2022/03/tanzia.svg, https://trees.org/tanzia/, tanzia, 1, , , tanzia, inherit, 0, 2022-03-31 00:52:17, 2022-03-31 00:52:17, 0, image/svg+xml, image, svg+xml, https://trees.org/wp-includes/images/media/default.png, 80, 81, https://trees.org/wp-content/uploads/2022/03/tanzia.svg, 80, 81, https://trees.org/wp-content/uploads/2022/03/tanzia.svg, 80, 81, https://trees.org/wp-content/uploads/2022/03/tanzia.svg, 80, 81, https://trees.org/wp-content/uploads/2022/03/tanzia.svg, 80, 81, https://trees.org/wp-content/uploads/2022/03/tanzia.svg, 80, 81, https://trees.org/wp-content/uploads/2022/03/tanzia.svg, 80, 81","Project Name: , Singida 3 PIF 2, Project Type: , Replication, Started: , 2023"
7393,"project","tabora-1-pif-1","Tabora 1 PIF 1","","","","","https://trees.org/project/tabora-1-pif-1/","","","15 Feb 2024","2024-02-15","https://trees.org/project/tabora-1-pif-1/, Read more, _self","Mabama, Tanzania, -5.1230421, 32.5217164, 3, ChIJLZdPQUzdthkRAJtaIPe9t98, Mabama, Mabama, Tabora Region, Tanzania, TZ","Mabama, Tanzania","-5.1230421, 32.5217164","5755, 5755, tanzia, tanzia.svg, 5868, https://trees.org/wp-content/uploads/2022/03/tanzia.svg, https://trees.org/tanzia/, tanzia, 1, , , tanzia, inherit, 0, 2022-03-31 00:52:17, 2022-03-31 00:52:17, 0, image/svg+xml, image, svg+xml, https://trees.org/wp-includes/images/media/default.png, 80, 81, https://trees.org/wp-content/uploads/2022/03/tanzia.svg, 80, 81, https://trees.org/wp-content/uploads/2022/03/tanzia.svg, 80, 81, https://trees.org/wp-content/uploads/2022/03/tanzia.svg, 80, 81, https://trees.org/wp-content/uploads/2022/03/tanzia.svg, 80, 81, https://trees.org/wp-content/uploads/2022/03/tanzia.svg, 80, 81, https://trees.org/wp-content/uploads/2022/03/tanzia.svg, 80, 81","Project Name: , Tabora 1 PIF 1, Project Type: , Replication, Started: , 2024"
7392,"project","simiyu-6","Simiyu 6","","","","","https://trees.org/project/simiyu-6/","","","15 Feb 2024","2024-02-15","https://trees.org/project/simiyu-6/, Read more, _self","FJW6+3F Nyaluhande, Tanzania, -2.50484, 33.61122, 3, GhIJfLPNjekJBMARn1T7dDzOQEA, Nyaluhande, Simiyu Region, Tanzania, TZ","Nyaluhande, Tanzania","-2.50484, 33.61122","5755, 5755, tanzia, tanzia.svg, 5868, https://trees.org/wp-content/uploads/2022/03/tanzia.svg, https://trees.org/tanzia/, tanzia, 1, , , tanzia, inherit, 0, 2022-03-31 00:52:17, 2022-03-31 00:52:17, 0, image/svg+xml, image, svg+xml, https://trees.org/wp-includes/images/media/default.png, 80, 81, https://trees.org/wp-content/uploads/2022/03/tanzia.svg, 80, 81, https://trees.org/wp-content/uploads/2022/03/tanzia.svg, 80, 81, https://trees.org/wp-content/uploads/2022/03/tanzia.svg, 80, 81, https://trees.org/wp-content/uploads/2022/03/tanzia.svg, 80, 81, https://trees.org/wp-content/uploads/2022/03/tanzia.svg, 80, 81, https://trees.org/wp-content/uploads/2022/03/tanzia.svg, 80, 81","Project Name: , Simiyu 6, Project Type: , Expansion, Started: , 2024"
7391,"project","simiyu-5","Simiyu 5","","","","","https://trees.org/project/simiyu-5/","","","15 Feb 2024","2024-02-15","https://trees.org/project/simiyu-5/, Read more, _self","95P8+FG Nkololo, Tanzania, -2.61387, 34.16632, 3, GhIJ0_avrDTpBMAR21VI-UkVQUA, Nkololo, Simiyu Region, Tanzania, TZ","Nkololo, Tanzania","-2.61387, 34.16632","5755, 5755, tanzia, tanzia.svg, 5868, https://trees.org/wp-content/uploads/2022/03/tanzia.svg, https://trees.org/tanzia/, tanzia, 1, , , tanzia, inherit, 0, 2022-03-31 00:52:17, 2022-03-31 00:52:17, 0, image/svg+xml, image, svg+xml, https://trees.org/wp-includes/images/media/default.png, 80, 81, https://trees.org/wp-content/uploads/2022/03/tanzia.svg, 80, 81, https://trees.org/wp-content/uploads/2022/03/tanzia.svg, 80, 81, https://trees.org/wp-content/uploads/2022/03/tanzia.svg, 80, 81, https://trees.org/wp-content/uploads/2022/03/tanzia.svg, 80, 81, https://trees.org/wp-content/uploads/2022/03/tanzia.svg, 80, 81, https://trees.org/wp-content/uploads/2022/03/tanzia.svg, 80, 81","Project Name: , Simiyu 5, Project Type: , Expansion, Started: , 2024"
7390,"project","simiyu-4","Simiyu 4","","","","","https://trees.org/project/simiyu-4/","","","15 Feb 2024","2024-02-15","https://trees.org/project/simiyu-4/, Read more, _self","6VM7+H3 Mhango, Tanzania, -2.766, 33.86265, 3, GhIJVOOlm8QgBsARe_KwUGvuQEA, Mhango, Simiyu Region, Tanzania, TZ","Mhango, Tanzania","-2.766, 33.86265","5755, 5755, tanzia, tanzia.svg, 5868, https://trees.org/wp-content/uploads/2022/03/tanzia.svg, https://trees.org/tanzia/, tanzia, 1, , , tanzia, inherit, 0, 2022-03-31 00:52:17, 2022-03-31 00:52:17, 0, image/svg+xml, image, svg+xml, https://trees.org/wp-includes/images/media/default.png, 80, 81, https://trees.org/wp-content/uploads/2022/03/tanzia.svg, 80, 81, https://trees.org/wp-content/uploads/2022/03/tanzia.svg, 80, 81, https://trees.org/wp-content/uploads/2022/03/tanzia.svg, 80, 81, https://trees.org/wp-content/uploads/2022/03/tanzia.svg, 80, 81, https://trees.org/wp-content/uploads/2022/03/tanzia.svg, 80, 81, https://trees.org/wp-content/uploads/2022/03/tanzia.svg, 80, 81","Project Name: , Simiyu 4, Project Type: , Expansion, Started: , 2024"
7389,"project","simiyu-3","Simiyu 3","","","","","https://trees.org/project/simiyu-3/","","","15 Feb 2024","2024-02-15","https://trees.org/project/simiyu-3/, Read more, _self","9QV8+33 Nyamswa, Tanzania, -2.60727, 33.76521, 3, GhIJQLyuX7DbBMARPEm6ZvLhQEA, Nyamswa, Simiyu Region, Tanzania, TZ","Nyamswa, Tanzania","-2.60727, 33.76521","5755, 5755, tanzia, tanzia.svg, 5868, https://trees.org/wp-content/uploads/2022/03/tanzia.svg, https://trees.org/tanzia/, tanzia, 1, , , tanzia, inherit, 0, 2022-03-31 00:52:17, 2022-03-31 00:52:17, 0, image/svg+xml, image, svg+xml, https://trees.org/wp-includes/images/media/default.png, 80, 81, https://trees.org/wp-content/uploads/2022/03/tanzia.svg, 80, 81, https://trees.org/wp-content/uploads/2022/03/tanzia.svg, 80, 81, https://trees.org/wp-content/uploads/2022/03/tanzia.svg, 80, 81, https://trees.org/wp-content/uploads/2022/03/tanzia.svg, 80, 81, https://trees.org/wp-content/uploads/2022/03/tanzia.svg, 80, 81, https://trees.org/wp-content/uploads/2022/03/tanzia.svg, 80, 81","Project Name: , Simiyu 3, Project Type: , Expansion"
7388,"project","bariadi-1","Simiyu 2","","","","","https://trees.org/project/bariadi-1/","","","15 Feb 2024","2024-02-15","https://trees.org/project/bariadi-1/, Read more, _self","HH3V+223, Mwanangi Village, Tanzania, -2.447400336, 33.59267295, 3, ChIJV39L1J-6zRkRqFTnhJAyGdE, Mwanangi Village, Simiyu Region, Tanzania, TZ","Mwanangi Village, Tanzania","-2.447400336, 33.59267295","5755, 5755, tanzia, tanzia.svg, 5868, https://trees.org/wp-content/uploads/2022/03/tanzia.svg, https://trees.org/tanzia/, tanzia, 1, , , tanzia, inherit, 0, 2022-03-31 00:52:17, 2022-03-31 00:52:17, 0, image/svg+xml, image, svg+xml, https://trees.org/wp-includes/images/media/default.png, 80, 81, https://trees.org/wp-content/uploads/2022/03/tanzia.svg, 80, 81, https://trees.org/wp-content/uploads/2022/03/tanzia.svg, 80, 81, https://trees.org/wp-content/uploads/2022/03/tanzia.svg, 80, 81, https://trees.org/wp-content/uploads/2022/03/tanzia.svg, 80, 81, https://trees.org/wp-content/uploads/2022/03/tanzia.svg, 80, 81, https://trees.org/wp-content/uploads/2022/03/tanzia.svg, 80, 81","Project Name: , Simiyu 2, Project Type: , Expansion, Started: , 2022"
7387,"project","busega-1","Simiyu 1","","","","","https://trees.org/project/busega-1/","","","15 Feb 2024","2024-02-15","https://trees.org/project/busega-1/, Read more, _self","9R46+GQ Nyamswa, Tanzania, -2.643680978, 33.81199081, 3, GhIJ3nNgOUImBcARkVOFUO_nQEA, Nyamswa, Simiyu Region, Tanzania, TZ","Nyamswa, Tanzania","-2.643680978, 33.81199081","5755, 5755, tanzia, tanzia.svg, 5868, https://trees.org/wp-content/uploads/2022/03/tanzia.svg, https://trees.org/tanzia/, tanzia, 1, , , tanzia, inherit, 0, 2022-03-31 00:52:17, 2022-03-31 00:52:17, 0, image/svg+xml, image, svg+xml, https://trees.org/wp-includes/images/media/default.png, 80, 81, https://trees.org/wp-content/uploads/2022/03/tanzia.svg, 80, 81, https://trees.org/wp-content/uploads/2022/03/tanzia.svg, 80, 81, https://trees.org/wp-content/uploads/2022/03/tanzia.svg, 80, 81, https://trees.org/wp-content/uploads/2022/03/tanzia.svg, 80, 81, https://trees.org/wp-content/uploads/2022/03/tanzia.svg, 80, 81, https://trees.org/wp-content/uploads/2022/03/tanzia.svg, 80, 81","Project Name: , Simiyu 1, Project Type: , Expansion, Started: , 2022"
7386,"project","cdi-3","CDI 3","","","","","https://trees.org/project/cdi-3/","","","15 Feb 2024","2024-02-15","https://trees.org/project/cdi-3/, Read more, _self","7GHM+G3H, Nzihi, Tanzania, -7.72162, 35.532488, 3, ChIJVxrGrPprVBgRNV9R2YU73L4, Nzihi, Iringa Region, Tanzania, TZ","Nzihi, Tanzania","-7.72162, 35.532488","5755, 5755, tanzia, tanzia.svg, 5868, https://trees.org/wp-content/uploads/2022/03/tanzia.svg, https://trees.org/tanzia/, tanzia, 1, , , tanzia, inherit, 0, 2022-03-31 00:52:17, 2022-03-31 00:52:17, 0, image/svg+xml, image, svg+xml, https://trees.org/wp-includes/images/media/default.png, 80, 81, https://trees.org/wp-content/uploads/2022/03/tanzia.svg, 80, 81, https://trees.org/wp-content/uploads/2022/03/tanzia.svg, 80, 81, https://trees.org/wp-content/uploads/2022/03/tanzia.svg, 80, 81, https://trees.org/wp-content/uploads/2022/03/tanzia.svg, 80, 81, https://trees.org/wp-content/uploads/2022/03/tanzia.svg, 80, 81, https://trees.org/wp-content/uploads/2022/03/tanzia.svg, 80, 81","Project Name: , CDI 3, Project Type: , Expansion, Started: , 2022"
7369,"project","homa-bay-19","Homa Bay 19","","","","","https://trees.org/project/homa-bay-19/","","","13 Feb 2024","2024-02-13","https://trees.org/project/homa-bay-19/, Read more, _self","Ndhiwa, Kenya, -0.7298697, 34.3671172, 3, ChIJzfkqJQ3J1BkRRKeAuiEg2ug, Ndhiwa, Ndhiwa, Homa Bay County, Kenya, KE","Ndhiwa, Kenya","-0.7298697, 34.3671172","5757, 5757, kenya, kenya.svg, 4312, https://trees.org/wp-content/uploads/2022/03/kenya.svg, https://trees.org/kenya/, kenya, 1, , , kenya, inherit, 0, 2022-03-31 00:55:49, 2022-03-31 00:55:49, 0, image/svg+xml, image, svg+xml, https://trees.org/wp-includes/images/media/default.png, 73, 87, https://trees.org/wp-content/uploads/2022/03/kenya.svg, 73, 87, https://trees.org/wp-content/uploads/2022/03/kenya.svg, 73, 87, https://trees.org/wp-content/uploads/2022/03/kenya.svg, 73, 87, https://trees.org/wp-content/uploads/2022/03/kenya.svg, 73, 87, https://trees.org/wp-content/uploads/2022/03/kenya.svg, 73, 87, https://trees.org/wp-content/uploads/2022/03/kenya.svg, 73, 87","Project Name: , Homa Bay 19, Project Type: , Expansion, Started: , 2024"
7368,"project","homa-bay-18","Homa Bay 18","","","","","https://trees.org/project/homa-bay-18/","","","13 Feb 2024","2024-02-13","https://trees.org/project/homa-bay-18/, Read more, _self","Oyugis, Kenya, -0.5078963, 34.7381662, 3, ChIJUa-1apsnKxgRdfr_tEoa3Y0, Oyugis, Oyugis, Homa Bay County, Kenya, KE","Oyugis, Kenya","-0.5078963, 34.7381662","5757, 5757, kenya, kenya.svg, 4312, https://trees.org/wp-content/uploads/2022/03/kenya.svg, https://trees.org/kenya/, kenya, 1, , , kenya, inherit, 0, 2022-03-31 00:55:49, 2022-03-31 00:55:49, 0, image/svg+xml, image, svg+xml, https://trees.org/wp-includes/images/media/default.png, 73, 87, https://trees.org/wp-content/uploads/2022/03/kenya.svg, 73, 87, https://trees.org/wp-content/uploads/2022/03/kenya.svg, 73, 87, https://trees.org/wp-content/uploads/2022/03/kenya.svg, 73, 87, https://trees.org/wp-content/uploads/2022/03/kenya.svg, 73, 87, https://trees.org/wp-content/uploads/2022/03/kenya.svg, 73, 87, https://trees.org/wp-content/uploads/2022/03/kenya.svg, 73, 87","Project Name: , Homa Bay 18, Project Type: , Expansion, Started: , 2024"
7367,"project","homa-bay-17","Homa Bay 17","","","","","https://trees.org/project/homa-bay-17/","","","13 Feb 2024","2024-02-13","https://trees.org/project/homa-bay-17/, Read more, _self","7FRF+3G Sikwadhi, Kenya, -0.709795, 34.47381, 3, GhIJgqj7AKS25r8RRkJbzqU8QUA, Sikwadhi, Homa Bay County, Kenya, KE","Sikwadhi, Kenya","-0.709795, 34.47381","5757, 5757, kenya, kenya.svg, 4312, https://trees.org/wp-content/uploads/2022/03/kenya.svg, https://trees.org/kenya/, kenya, 1, , , kenya, inherit, 0, 2022-03-31 00:55:49, 2022-03-31 00:55:49, 0, image/svg+xml, image, svg+xml, https://trees.org/wp-includes/images/media/default.png, 73, 87, https://trees.org/wp-content/uploads/2022/03/kenya.svg, 73, 87, https://trees.org/wp-content/uploads/2022/03/kenya.svg, 73, 87, https://trees.org/wp-content/uploads/2022/03/kenya.svg, 73, 87, https://trees.org/wp-content/uploads/2022/03/kenya.svg, 73, 87, https://trees.org/wp-content/uploads/2022/03/kenya.svg, 73, 87, https://trees.org/wp-content/uploads/2022/03/kenya.svg, 73, 87","Project Name: , Homa Bay 17, Project Type: , Expansion, Started: , 2024"
7366,"project","homa-bay-16","Homa Bay 16","","","","","https://trees.org/project/homa-bay-16/","","","13 Feb 2024","2024-02-13","https://trees.org/project/homa-bay-16/, Read more, _self","GVMP+6P Kadongo, Kenya, -0.466892, 34.886803, 3, GhIJ5-Ww-47h3b8RUn-9woJxQUA, Kadongo, Homa Bay County, Kenya, KE","Kadongo, Kenya","-0.466892, 34.886803","5757, 5757, kenya, kenya.svg, 4312, https://trees.org/wp-content/uploads/2022/03/kenya.svg, https://trees.org/kenya/, kenya, 1, , , kenya, inherit, 0, 2022-03-31 00:55:49, 2022-03-31 00:55:49, 0, image/svg+xml, image, svg+xml, https://trees.org/wp-includes/images/media/default.png, 73, 87, https://trees.org/wp-content/uploads/2022/03/kenya.svg, 73, 87, https://trees.org/wp-content/uploads/2022/03/kenya.svg, 73, 87, https://trees.org/wp-content/uploads/2022/03/kenya.svg, 73, 87, https://trees.org/wp-content/uploads/2022/03/kenya.svg, 73, 87, https://trees.org/wp-content/uploads/2022/03/kenya.svg, 73, 87, https://trees.org/wp-content/uploads/2022/03/kenya.svg, 73, 87","Project Name: , Homa Bay 16, Project Type: , Expansion, Started: , 2024"
7365,"project","homa-bay-15","Homa Bay 15","","","","","https://trees.org/project/homa-bay-15/","","","13 Feb 2024","2024-02-13","https://trees.org/project/homa-bay-15/, Read more, _self","GWJ9+847, Kadongo, Kenya, -0.469328, 34.918312, 3, ChIJQds7WaXhKhgRqkurKrF2RSo, Kadongo, Homa Bay County, Kenya, KE","Kadongo, Kenya","-0.469328, 34.918312","5757, 5757, kenya, kenya.svg, 4312, https://trees.org/wp-content/uploads/2022/03/kenya.svg, https://trees.org/kenya/, kenya, 1, , , kenya, inherit, 0, 2022-03-31 00:55:49, 2022-03-31 00:55:49, 0, image/svg+xml, image, svg+xml, https://trees.org/wp-includes/images/media/default.png, 73, 87, https://trees.org/wp-content/uploads/2022/03/kenya.svg, 73, 87, https://trees.org/wp-content/uploads/2022/03/kenya.svg, 73, 87, https://trees.org/wp-content/uploads/2022/03/kenya.svg, 73, 87, https://trees.org/wp-content/uploads/2022/03/kenya.svg, 73, 87, https://trees.org/wp-content/uploads/2022/03/kenya.svg, 73, 87, https://trees.org/wp-content/uploads/2022/03/kenya.svg, 73, 87","Project Name: , Homa Bay 15, Project Type: , Expansion, Started: , 2024"
7364,"project","homa-bay-14","Homa Bay 14","","","","","https://trees.org/project/homa-bay-14/","","","13 Feb 2024","2024-02-13","https://trees.org/project/homa-bay-14/, Read more, _self","7F95+9V Sikwadhi, Kenya, -0.731523, 34.459708, 3, GhIJp7Io7KJo578R09o0ttc6QUA, Sikwadhi, Homa Bay County, Kenya, KE","Sikwadhi, Kenya","-0.731523, 34.459708","5757, 5757, kenya, kenya.svg, 4312, https://trees.org/wp-content/uploads/2022/03/kenya.svg, https://trees.org/kenya/, kenya, 1, , , kenya, inherit, 0, 2022-03-31 00:55:49, 2022-03-31 00:55:49, 0, image/svg+xml, image, svg+xml, https://trees.org/wp-includes/images/media/default.png, 73, 87, https://trees.org/wp-content/uploads/2022/03/kenya.svg, 73, 87, https://trees.org/wp-content/uploads/2022/03/kenya.svg, 73, 87, https://trees.org/wp-content/uploads/2022/03/kenya.svg, 73, 87, https://trees.org/wp-content/uploads/2022/03/kenya.svg, 73, 87, https://trees.org/wp-content/uploads/2022/03/kenya.svg, 73, 87, https://trees.org/wp-content/uploads/2022/03/kenya.svg, 73, 87","Project Name: , Homa Bay 14, Project Type: , Expansion, Started: , 2023"
7363,"project","homa-bay-13","Homa Bay 13","","","","","https://trees.org/project/homa-bay-13/","","","13 Feb 2024","2024-02-13","https://trees.org/project/homa-bay-13/, Read more, _self","57QV+VF Ondiek's, Kenya, -0.810259, 34.293726, 3, GhIJ7URJSKTt6b8REf5F0JglQUA, Ondiek's, Homa Bay County, Kenya, KE","Ondiek's, Kenya","-0.810259, 34.293726","5757, 5757, kenya, kenya.svg, 4312, https://trees.org/wp-content/uploads/2022/03/kenya.svg, https://trees.org/kenya/, kenya, 1, , , kenya, inherit, 0, 2022-03-31 00:55:49, 2022-03-31 00:55:49, 0, image/svg+xml, image, svg+xml, https://trees.org/wp-includes/images/media/default.png, 73, 87, https://trees.org/wp-content/uploads/2022/03/kenya.svg, 73, 87, https://trees.org/wp-content/uploads/2022/03/kenya.svg, 73, 87, https://trees.org/wp-content/uploads/2022/03/kenya.svg, 73, 87, https://trees.org/wp-content/uploads/2022/03/kenya.svg, 73, 87, https://trees.org/wp-content/uploads/2022/03/kenya.svg, 73, 87, https://trees.org/wp-content/uploads/2022/03/kenya.svg, 73, 87","Project Name: , Homa Bay 13, Project Type: , Expansion, Started: , 2023"
7362,"project","homa-bay-12","Homa Bay 12","","","","","https://trees.org/project/homa-bay-12/","","","13 Feb 2024","2024-02-13","https://trees.org/project/homa-bay-12/, Read more, _self","856X+F8 Magunga, Kenya, -0.688758, 34.198287, 3, GhIJwHebN04K5r8RaRzqd2EZQUA, Magunga, Homa Bay County, Kenya, KE","Magunga, Kenya","-0.688758, 34.198287","5757, 5757, kenya, kenya.svg, 4312, https://trees.org/wp-content/uploads/2022/03/kenya.svg, https://trees.org/kenya/, kenya, 1, , , kenya, inherit, 0, 2022-03-31 00:55:49, 2022-03-31 00:55:49, 0, image/svg+xml, image, svg+xml, https://trees.org/wp-includes/images/media/default.png, 73, 87, https://trees.org/wp-content/uploads/2022/03/kenya.svg, 73, 87, https://trees.org/wp-content/uploads/2022/03/kenya.svg, 73, 87, https://trees.org/wp-content/uploads/2022/03/kenya.svg, 73, 87, https://trees.org/wp-content/uploads/2022/03/kenya.svg, 73, 87, https://trees.org/wp-content/uploads/2022/03/kenya.svg, 73, 87, https://trees.org/wp-content/uploads/2022/03/kenya.svg, 73, 87","Project Name: , Homa Bay 12, Project Type: , Expansion, Started: , 2023"
7361,"project","homa-bay-11","Homa Bay 11","","","","","https://trees.org/project/homa-bay-11/","","","13 Feb 2024","2024-02-13","https://trees.org/project/homa-bay-11/, Read more, _self","C8Q8+M9 Homa Bay, Kenya, -0.560801, 34.315999, 3, GhIJEw1S8BTy4b8Ry0i9p3IoQUA, Homa Bay, Homa Bay County, Kenya, KE","Homa Bay, Kenya","-0.560801, 34.315999","5757, 5757, kenya, kenya.svg, 4312, https://trees.org/wp-content/uploads/2022/03/kenya.svg, https://trees.org/kenya/, kenya, 1, , , kenya, inherit, 0, 2022-03-31 00:55:49, 2022-03-31 00:55:49, 0, image/svg+xml, image, svg+xml, https://trees.org/wp-includes/images/media/default.png, 73, 87, https://trees.org/wp-content/uploads/2022/03/kenya.svg, 73, 87, https://trees.org/wp-content/uploads/2022/03/kenya.svg, 73, 87, https://trees.org/wp-content/uploads/2022/03/kenya.svg, 73, 87, https://trees.org/wp-content/uploads/2022/03/kenya.svg, 73, 87, https://trees.org/wp-content/uploads/2022/03/kenya.svg, 73, 87, https://trees.org/wp-content/uploads/2022/03/kenya.svg, 73, 87","Project Name: , Homa Bay 11, Project Type: , Expansion, Started: , 2023"
7360,"project","homa-bay-8","Homa Bay 8","","","","","https://trees.org/project/homa-bay-8/","","","13 Feb 2024","2024-02-13","https://trees.org/project/homa-bay-8/, Read more, _self","CJ3V+Q5 Rangwe, Kenya, -0.59561, 34.64288, 3, GhIJOnXlszwP478RUaBP5ElSQUA, Rangwe, Homa Bay County, Kenya, KE","Rangwe, Kenya","-0.59561, 34.64288","5757, 5757, kenya, kenya.svg, 4312, https://trees.org/wp-content/uploads/2022/03/kenya.svg, https://trees.org/kenya/, kenya, 1, , , kenya, inherit, 0, 2022-03-31 00:55:49, 2022-03-31 00:55:49, 0, image/svg+xml, image, svg+xml, https://trees.org/wp-includes/images/media/default.png, 73, 87, https://trees.org/wp-content/uploads/2022/03/kenya.svg, 73, 87, https://trees.org/wp-content/uploads/2022/03/kenya.svg, 73, 87, https://trees.org/wp-content/uploads/2022/03/kenya.svg, 73, 87, https://trees.org/wp-content/uploads/2022/03/kenya.svg, 73, 87, https://trees.org/wp-content/uploads/2022/03/kenya.svg, 73, 87, https://trees.org/wp-content/uploads/2022/03/kenya.svg, 73, 87","Project Name: , Homa Bay 8, Project Type: , Expansion, Started: , 2020"
7359,"project","migori-16","Migori 16","","","","","https://trees.org/project/migori-16/","","","13 Feb 2024","2024-02-13","https://trees.org/project/migori-16/, Read more, _self","QHW2+P6 Kehancha, Kenya, -1.2031485, 34.55056, 3, GhIJC7Q7pBhA878RLT4FwHhGQUA, Kehancha, Migori County, Kenya, KE","Kehancha, Kenya","-1.2031485, 34.55056","5757, 5757, kenya, kenya.svg, 4312, https://trees.org/wp-content/uploads/2022/03/kenya.svg, https://trees.org/kenya/, kenya, 1, , , kenya, inherit, 0, 2022-03-31 00:55:49, 2022-03-31 00:55:49, 0, image/svg+xml, image, svg+xml, https://trees.org/wp-includes/images/media/default.png, 73, 87, https://trees.org/wp-content/uploads/2022/03/kenya.svg, 73, 87, https://trees.org/wp-content/uploads/2022/03/kenya.svg, 73, 87, https://trees.org/wp-content/uploads/2022/03/kenya.svg, 73, 87, https://trees.org/wp-content/uploads/2022/03/kenya.svg, 73, 87, https://trees.org/wp-content/uploads/2022/03/kenya.svg, 73, 87, https://trees.org/wp-content/uploads/2022/03/kenya.svg, 73, 87","Project Name: , Migori 16, Project Type: , Expansion, Started: , 2024"
7358,"project","migori-15","Migori 15","","","","","https://trees.org/project/migori-15/","","","13 Feb 2024","2024-02-13","https://trees.org/project/migori-15/, Read more, _self","RGXX+M2 Masaba, Kenya, -1.150783, 34.547598, 3, GhIJLa9cb5tp8r8Rca32sBdGQUA, Masaba, Migori County, Kenya, KE","Masaba, Kenya","-1.150783, 34.547598","5757, 5757, kenya, kenya.svg, 4312, https://trees.org/wp-content/uploads/2022/03/kenya.svg, https://trees.org/kenya/, kenya, 1, , , kenya, inherit, 0, 2022-03-31 00:55:49, 2022-03-31 00:55:49, 0, image/svg+xml, image, svg+xml, https://trees.org/wp-includes/images/media/default.png, 73, 87, https://trees.org/wp-content/uploads/2022/03/kenya.svg, 73, 87, https://trees.org/wp-content/uploads/2022/03/kenya.svg, 73, 87, https://trees.org/wp-content/uploads/2022/03/kenya.svg, 73, 87, https://trees.org/wp-content/uploads/2022/03/kenya.svg, 73, 87, https://trees.org/wp-content/uploads/2022/03/kenya.svg, 73, 87, https://trees.org/wp-content/uploads/2022/03/kenya.svg, 73, 87","Project Name: , Migori 15, Project Type: , Expansion, Started: , 2024"
7357,"project","migori-14","Migori 14","","","","","https://trees.org/project/migori-14/","","","13 Feb 2024","2024-02-13","https://trees.org/project/migori-14/, Read more, _self","R9CF+25 Suba Kuria, Kenya, -1.179992, 34.372962, 3, GhIJhqqYSj_h8r8RTFMEOL0vQUA, Suba Kuria, Migori County, Kenya, KE","Suba Kuria, Kenya","-1.179992, 34.372962","5757, 5757, kenya, kenya.svg, 4312, https://trees.org/wp-content/uploads/2022/03/kenya.svg, https://trees.org/kenya/, kenya, 1, , , kenya, inherit, 0, 2022-03-31 00:55:49, 2022-03-31 00:55:49, 0, image/svg+xml, image, svg+xml, https://trees.org/wp-includes/images/media/default.png, 73, 87, https://trees.org/wp-content/uploads/2022/03/kenya.svg, 73, 87, https://trees.org/wp-content/uploads/2022/03/kenya.svg, 73, 87, https://trees.org/wp-content/uploads/2022/03/kenya.svg, 73, 87, https://trees.org/wp-content/uploads/2022/03/kenya.svg, 73, 87, https://trees.org/wp-content/uploads/2022/03/kenya.svg, 73, 87, https://trees.org/wp-content/uploads/2022/03/kenya.svg, 73, 87","Project Name: , Migori 14, Project Type: , Expansion, Started: , 2024"
7356,"project","migori-13","Migori 13","","","","","https://trees.org/project/migori-13/","","","13 Feb 2024","2024-02-13","https://trees.org/project/migori-13/, Read more, _self","VC8X+V9 Suba Kuria, Kenya, -1.132819, 34.448401, 3, GhIJSpnU0AYg8r8RMT83NGU5QUA, Suba Kuria, Migori County, Kenya, KE","Suba Kuria, Kenya","-1.132819, 34.448401","5757, 5757, kenya, kenya.svg, 4312, https://trees.org/wp-content/uploads/2022/03/kenya.svg, https://trees.org/kenya/, kenya, 1, , , kenya, inherit, 0, 2022-03-31 00:55:49, 2022-03-31 00:55:49, 0, image/svg+xml, image, svg+xml, https://trees.org/wp-includes/images/media/default.png, 73, 87, https://trees.org/wp-content/uploads/2022/03/kenya.svg, 73, 87, https://trees.org/wp-content/uploads/2022/03/kenya.svg, 73, 87, https://trees.org/wp-content/uploads/2022/03/kenya.svg, 73, 87, https://trees.org/wp-content/uploads/2022/03/kenya.svg, 73, 87, https://trees.org/wp-content/uploads/2022/03/kenya.svg, 73, 87, https://trees.org/wp-content/uploads/2022/03/kenya.svg, 73, 87","Project Name: , Migori 13, Project Type: , Expansion, Started: , 2024"
7355,"project","migori-12","Migori 12","","","","","https://trees.org/project/migori-12/","","","13 Feb 2024","2024-02-13","https://trees.org/project/migori-12/, Read more, _self","VCWX+G5 Suna, Kenya, -1.103723, 34.447938, 3, GhIJ9nzNctmo8b8RXVFKCFY5QUA, Suna, Migori County, Kenya, KE","Suna, Kenya","-1.103723, 34.447938","5757, 5757, kenya, kenya.svg, 4312, https://trees.org/wp-content/uploads/2022/03/kenya.svg, https://trees.org/kenya/, kenya, 1, , , kenya, inherit, 0, 2022-03-31 00:55:49, 2022-03-31 00:55:49, 0, image/svg+xml, image, svg+xml, https://trees.org/wp-includes/images/media/default.png, 73, 87, https://trees.org/wp-content/uploads/2022/03/kenya.svg, 73, 87, https://trees.org/wp-content/uploads/2022/03/kenya.svg, 73, 87, https://trees.org/wp-content/uploads/2022/03/kenya.svg, 73, 87, https://trees.org/wp-content/uploads/2022/03/kenya.svg, 73, 87, https://trees.org/wp-content/uploads/2022/03/kenya.svg, 73, 87, https://trees.org/wp-content/uploads/2022/03/kenya.svg, 73, 87","Project Name: , Migori 12, Project Type: , Expansion, Started: , 2024"
7354,"project","migori-11","Migori 11","","","","","https://trees.org/project/migori-11/","","","13 Feb 2024","2024-02-13","https://trees.org/project/migori-11/, Read more, _self","XGCR+Q8 Migori, Kenya, -1.028038, 34.540824, 3, GhIJVrlQ-ddy8L8RKnKIuDlFQUA, Migori, Migori County, Kenya, KE","Migori, Kenya","-1.028038, 34.540824","5757, 5757, kenya, kenya.svg, 4312, https://trees.org/wp-content/uploads/2022/03/kenya.svg, https://trees.org/kenya/, kenya, 1, , , kenya, inherit, 0, 2022-03-31 00:55:49, 2022-03-31 00:55:49, 0, image/svg+xml, image, svg+xml, https://trees.org/wp-includes/images/media/default.png, 73, 87, https://trees.org/wp-content/uploads/2022/03/kenya.svg, 73, 87, https://trees.org/wp-content/uploads/2022/03/kenya.svg, 73, 87, https://trees.org/wp-content/uploads/2022/03/kenya.svg, 73, 87, https://trees.org/wp-content/uploads/2022/03/kenya.svg, 73, 87, https://trees.org/wp-content/uploads/2022/03/kenya.svg, 73, 87, https://trees.org/wp-content/uploads/2022/03/kenya.svg, 73, 87","Project Name: , Migori 11, Project Type: , Expansion, Started: , 2024"
7353,"project","migori-10","Migori 10","","","","","https://trees.org/project/migori-10/","","","13 Feb 2024","2024-02-13","https://trees.org/project/migori-10/, Read more, _self","WG3F+X8 Migori, Kenya, -1.095013, 34.52335, 3, GhIJGR77WSyF8b8RSS7_If1CQUA, Migori, Migori County, Kenya, KE","Migori, Kenya","-1.095013, 34.52335","5757, 5757, kenya, kenya.svg, 4312, https://trees.org/wp-content/uploads/2022/03/kenya.svg, https://trees.org/kenya/, kenya, 1, , , kenya, inherit, 0, 2022-03-31 00:55:49, 2022-03-31 00:55:49, 0, image/svg+xml, image, svg+xml, https://trees.org/wp-includes/images/media/default.png, 73, 87, https://trees.org/wp-content/uploads/2022/03/kenya.svg, 73, 87, https://trees.org/wp-content/uploads/2022/03/kenya.svg, 73, 87, https://trees.org/wp-content/uploads/2022/03/kenya.svg, 73, 87, https://trees.org/wp-content/uploads/2022/03/kenya.svg, 73, 87, https://trees.org/wp-content/uploads/2022/03/kenya.svg, 73, 87, https://trees.org/wp-content/uploads/2022/03/kenya.svg, 73, 87","Project Name: , Migori 10, Project Type: , Expansion, Started: , 2024"
7352,"project","migori-9","Migori 9","","","","","https://trees.org/project/migori-9/","","","13 Feb 2024","2024-02-13","https://trees.org/project/migori-9/, Read more, _self","WHH7+W5 Migori, Kenya, -1.070206, 34.562978, 3, GhIJRbqfU5Af8b8RCi_BqQ9IQUA, Migori, Migori County, Kenya, KE","Migori, Kenya","-1.070206, 34.562978","5757, 5757, kenya, kenya.svg, 4312, https://trees.org/wp-content/uploads/2022/03/kenya.svg, https://trees.org/kenya/, kenya, 1, , , kenya, inherit, 0, 2022-03-31 00:55:49, 2022-03-31 00:55:49, 0, image/svg+xml, image, svg+xml, https://trees.org/wp-includes/images/media/default.png, 73, 87, https://trees.org/wp-content/uploads/2022/03/kenya.svg, 73, 87, https://trees.org/wp-content/uploads/2022/03/kenya.svg, 73, 87, https://trees.org/wp-content/uploads/2022/03/kenya.svg, 73, 87, https://trees.org/wp-content/uploads/2022/03/kenya.svg, 73, 87, https://trees.org/wp-content/uploads/2022/03/kenya.svg, 73, 87, https://trees.org/wp-content/uploads/2022/03/kenya.svg, 73, 87","Project Name: , Migori 9, Project Type: , Expansion, Started: , 2024"
7350,"project","migori-8","Migori 8","","","","","https://trees.org/project/migori-8/","","","13 Feb 2024","2024-02-13","https://trees.org/project/migori-8/, Read more, _self","XGH5+8R Stelah, Kenya, -1.021672, 34.509516, 3, GhIJldIzvcRY8L8R9WT-0TdBQUA, Stelah, Migori County, Kenya, KE","Stelah, Kenya","-1.021672, 34.509516","5757, 5757, kenya, kenya.svg, 4312, https://trees.org/wp-content/uploads/2022/03/kenya.svg, https://trees.org/kenya/, kenya, 1, , , kenya, inherit, 0, 2022-03-31 00:55:49, 2022-03-31 00:55:49, 0, image/svg+xml, image, svg+xml, https://trees.org/wp-includes/images/media/default.png, 73, 87, https://trees.org/wp-content/uploads/2022/03/kenya.svg, 73, 87, https://trees.org/wp-content/uploads/2022/03/kenya.svg, 73, 87, https://trees.org/wp-content/uploads/2022/03/kenya.svg, 73, 87, https://trees.org/wp-content/uploads/2022/03/kenya.svg, 73, 87, https://trees.org/wp-content/uploads/2022/03/kenya.svg, 73, 87, https://trees.org/wp-content/uploads/2022/03/kenya.svg, 73, 87","Project Name: , Migori 8, Project Type: , Expansion, Started: , 2024"
7349,"project","migori-7","Migori 7","","","","","https://trees.org/project/migori-7/","","","13 Feb 2024","2024-02-13","https://trees.org/project/migori-7/, Read more, _self","2G5H+9W Oyani Farm Institute, Kenya, -0.991545, 34.529805, 3, GhIJ7GRwlLy6778R7iB2ptBDQUA, Oyani Farm Institute, Migori County, Kenya, KE","Oyani Farm Institute, Kenya","-0.991545, 34.529805","5757, 5757, kenya, kenya.svg, 4312, https://trees.org/wp-content/uploads/2022/03/kenya.svg, https://trees.org/kenya/, kenya, 1, , , kenya, inherit, 0, 2022-03-31 00:55:49, 2022-03-31 00:55:49, 0, image/svg+xml, image, svg+xml, https://trees.org/wp-includes/images/media/default.png, 73, 87, https://trees.org/wp-content/uploads/2022/03/kenya.svg, 73, 87, https://trees.org/wp-content/uploads/2022/03/kenya.svg, 73, 87, https://trees.org/wp-content/uploads/2022/03/kenya.svg, 73, 87, https://trees.org/wp-content/uploads/2022/03/kenya.svg, 73, 87, https://trees.org/wp-content/uploads/2022/03/kenya.svg, 73, 87, https://trees.org/wp-content/uploads/2022/03/kenya.svg, 73, 87","Project Name: , Migori 7, Project Type: , Expansion, Started: , 2024"
7348,"project","migori-6","Migori 6","","","","","https://trees.org/project/migori-6/","","","13 Feb 2024","2024-02-13","https://trees.org/project/migori-6/, Read more, _self","V9MQ+R6 Bondo, Kenya, -1.115391, 34.388046, 3, GhIJNQu0O6TY8b8R-6vHfasxQUA, Bondo, Migori County, Kenya, KE","Bondo, Kenya","-1.115391, 34.388046","5757, 5757, kenya, kenya.svg, 4312, https://trees.org/wp-content/uploads/2022/03/kenya.svg, https://trees.org/kenya/, kenya, 1, , , kenya, inherit, 0, 2022-03-31 00:55:49, 2022-03-31 00:55:49, 0, image/svg+xml, image, svg+xml, https://trees.org/wp-includes/images/media/default.png, 73, 87, https://trees.org/wp-content/uploads/2022/03/kenya.svg, 73, 87, https://trees.org/wp-content/uploads/2022/03/kenya.svg, 73, 87, https://trees.org/wp-content/uploads/2022/03/kenya.svg, 73, 87, https://trees.org/wp-content/uploads/2022/03/kenya.svg, 73, 87, https://trees.org/wp-content/uploads/2022/03/kenya.svg, 73, 87, https://trees.org/wp-content/uploads/2022/03/kenya.svg, 73, 87","Project Name: , Migori 6, Project Type: , Expansion, Started: , 2023"
7347,"project","migori-5","Migori 5","","","","","https://trees.org/project/migori-5/","","","13 Feb 2024","2024-02-13","https://trees.org/project/migori-5/, Read more, _self","WHFQ+HC Thimjope, Kenya, -1.07601, 34.58858, 3, GhIJD7QCQ1Y38b8RM4rlllZLQUA, Thimjope, Migori County, Kenya, KE","Thimjope, Kenya","-1.07601, 34.58858","5757, 5757, kenya, kenya.svg, 4312, https://trees.org/wp-content/uploads/2022/03/kenya.svg, https://trees.org/kenya/, kenya, 1, , , kenya, inherit, 0, 2022-03-31 00:55:49, 2022-03-31 00:55:49, 0, image/svg+xml, image, svg+xml, https://trees.org/wp-includes/images/media/default.png, 73, 87, https://trees.org/wp-content/uploads/2022/03/kenya.svg, 73, 87, https://trees.org/wp-content/uploads/2022/03/kenya.svg, 73, 87, https://trees.org/wp-content/uploads/2022/03/kenya.svg, 73, 87, https://trees.org/wp-content/uploads/2022/03/kenya.svg, 73, 87, https://trees.org/wp-content/uploads/2022/03/kenya.svg, 73, 87, https://trees.org/wp-content/uploads/2022/03/kenya.svg, 73, 87","Project Name: , Migori 5, Project Type: , Expansion, Started: , 2023"
7346,"project","migori-4","Migori 4","","","","","https://trees.org/project/migori-4/","","","13 Feb 2024","2024-02-13","https://trees.org/project/migori-4/, Read more, _self","3C7W+CP Jaleny, Kenya, -0.936485, 34.44678, 3, GhIJ1zkGZK_37b8R4UBIFjA5QUA, Jaleny, Migori County, Kenya, KE","Jaleny, Kenya","-0.936485, 34.44678","5757, 5757, kenya, kenya.svg, 4312, https://trees.org/wp-content/uploads/2022/03/kenya.svg, https://trees.org/kenya/, kenya, 1, , , kenya, inherit, 0, 2022-03-31 00:55:49, 2022-03-31 00:55:49, 0, image/svg+xml, image, svg+xml, https://trees.org/wp-includes/images/media/default.png, 73, 87, https://trees.org/wp-content/uploads/2022/03/kenya.svg, 73, 87, https://trees.org/wp-content/uploads/2022/03/kenya.svg, 73, 87, https://trees.org/wp-content/uploads/2022/03/kenya.svg, 73, 87, https://trees.org/wp-content/uploads/2022/03/kenya.svg, 73, 87, https://trees.org/wp-content/uploads/2022/03/kenya.svg, 73, 87, https://trees.org/wp-content/uploads/2022/03/kenya.svg, 73, 87","Project Name: , Migori 4, Project Type: , Expansion, Started: , 2023"
7345,"project","kisumu-9","Kisumu 9","","","","","https://trees.org/project/kisumu-9/","","","13 Feb 2024","2024-02-13","https://trees.org/project/kisumu-9/, Read more, _self","MWJ8+FX Pap onditi, Kenya, -0.318821, 34.917409, 3, GhIJA8sRMpBn1L8RLQd6qG11QUA, Pap onditi, Kisumu County, Kenya, KE","Pap onditi, Kenya","-0.318821, 34.917409","5757, 5757, kenya, kenya.svg, 4312, https://trees.org/wp-content/uploads/2022/03/kenya.svg, https://trees.org/kenya/, kenya, 1, , , kenya, inherit, 0, 2022-03-31 00:55:49, 2022-03-31 00:55:49, 0, image/svg+xml, image, svg+xml, https://trees.org/wp-includes/images/media/default.png, 73, 87, https://trees.org/wp-content/uploads/2022/03/kenya.svg, 73, 87, https://trees.org/wp-content/uploads/2022/03/kenya.svg, 73, 87, https://trees.org/wp-content/uploads/2022/03/kenya.svg, 73, 87, https://trees.org/wp-content/uploads/2022/03/kenya.svg, 73, 87, https://trees.org/wp-content/uploads/2022/03/kenya.svg, 73, 87, https://trees.org/wp-content/uploads/2022/03/kenya.svg, 73, 87","Project Name: , Kisumu 9, Project Type: , Expansion, Started: , 2024"
7344,"project","kisumu-8","Kisumu 8","","","","","https://trees.org/project/kisumu-8/","","","13 Feb 2024","2024-02-13","https://trees.org/project/kisumu-8/, Read more, _self","M2MG+XM Awach, Kenya, -0.315115, 35.026687, 3, GhIJl6jeGtgq1L8ROh3IemqDQUA, Awach, Kisumu County, Kenya, KE","Awach, Kenya","-0.315115, 35.026687","5757, 5757, kenya, kenya.svg, 4312, https://trees.org/wp-content/uploads/2022/03/kenya.svg, https://trees.org/kenya/, kenya, 1, , , kenya, inherit, 0, 2022-03-31 00:55:49, 2022-03-31 00:55:49, 0, image/svg+xml, image, svg+xml, https://trees.org/wp-includes/images/media/default.png, 73, 87, https://trees.org/wp-content/uploads/2022/03/kenya.svg, 73, 87, https://trees.org/wp-content/uploads/2022/03/kenya.svg, 73, 87, https://trees.org/wp-content/uploads/2022/03/kenya.svg, 73, 87, https://trees.org/wp-content/uploads/2022/03/kenya.svg, 73, 87, https://trees.org/wp-content/uploads/2022/03/kenya.svg, 73, 87, https://trees.org/wp-content/uploads/2022/03/kenya.svg, 73, 87","Project Name: , Kisumu 8, Project Type: , Expansion, Started: , 2024"
7343,"project","kisumu-7","Kisumu 7","","","","","https://trees.org/project/kisumu-7/","","","13 Feb 2024","2024-02-13","https://trees.org/project/kisumu-7/, Read more, _self","PXWW+G9 Awach, Kenya, -0.253679, 34.995936, 3, GhIJoKUr2EY80L8RXHSy1Hp_QUA, Awach, Kisumu County, Kenya, KE","Awach, Kenya","-0.253679, 34.995936","5757, 5757, kenya, kenya.svg, 4312, https://trees.org/wp-content/uploads/2022/03/kenya.svg, https://trees.org/kenya/, kenya, 1, , , kenya, inherit, 0, 2022-03-31 00:55:49, 2022-03-31 00:55:49, 0, image/svg+xml, image, svg+xml, https://trees.org/wp-includes/images/media/default.png, 73, 87, https://trees.org/wp-content/uploads/2022/03/kenya.svg, 73, 87, https://trees.org/wp-content/uploads/2022/03/kenya.svg, 73, 87, https://trees.org/wp-content/uploads/2022/03/kenya.svg, 73, 87, https://trees.org/wp-content/uploads/2022/03/kenya.svg, 73, 87, https://trees.org/wp-content/uploads/2022/03/kenya.svg, 73, 87, https://trees.org/wp-content/uploads/2022/03/kenya.svg, 73, 87","Project Name: , Kisumu 7, Project Type: , Expansion, Started: , 2024"
7342,"project","kisumu-6","Kisumu 6","","","","","https://trees.org/project/kisumu-6/","","","13 Feb 2024","2024-02-13","https://trees.org/project/kisumu-6/, Read more, _self","Kiboswa Daraja Mbili Road. Nyahera, Kenya, -0.045705, 34.650126, 3, ChIJs0S7hympKhgRfenWwJBs0DE, Kisumu County, Kenya, KE","Kiboswa Daraja Mbili Road. Nyahera, Kenya","-0.045705, 34.650126","5757, 5757, kenya, kenya.svg, 4312, https://trees.org/wp-content/uploads/2022/03/kenya.svg, https://trees.org/kenya/, kenya, 1, , , kenya, inherit, 0, 2022-03-31 00:55:49, 2022-03-31 00:55:49, 0, image/svg+xml, image, svg+xml, https://trees.org/wp-includes/images/media/default.png, 73, 87, https://trees.org/wp-content/uploads/2022/03/kenya.svg, 73, 87, https://trees.org/wp-content/uploads/2022/03/kenya.svg, 73, 87, https://trees.org/wp-content/uploads/2022/03/kenya.svg, 73, 87, https://trees.org/wp-content/uploads/2022/03/kenya.svg, 73, 87, https://trees.org/wp-content/uploads/2022/03/kenya.svg, 73, 87, https://trees.org/wp-content/uploads/2022/03/kenya.svg, 73, 87","Project Name: , Kisumu 6, Project Type: , Expansion, Started: , 2024"
7341,"project","kisumu-5","Kisumu 5","","","","","https://trees.org/project/kisumu-5/","","","13 Feb 2024","2024-02-13","https://trees.org/project/kisumu-5/, Read more, _self","WJH7+RM Kisumu, Kenya, -0.070482, 34.614135, 3, GhIJdej0vBsLsr8RGyrG-ZtOQUA, Kisumu, Kisumu County, Kenya, KE","Kisumu, Kenya","-0.070482, 34.614135","5757, 5757, kenya, kenya.svg, 4312, https://trees.org/wp-content/uploads/2022/03/kenya.svg, https://trees.org/kenya/, kenya, 1, , , kenya, inherit, 0, 2022-03-31 00:55:49, 2022-03-31 00:55:49, 0, image/svg+xml, image, svg+xml, https://trees.org/wp-includes/images/media/default.png, 73, 87, https://trees.org/wp-content/uploads/2022/03/kenya.svg, 73, 87, https://trees.org/wp-content/uploads/2022/03/kenya.svg, 73, 87, https://trees.org/wp-content/uploads/2022/03/kenya.svg, 73, 87, https://trees.org/wp-content/uploads/2022/03/kenya.svg, 73, 87, https://trees.org/wp-content/uploads/2022/03/kenya.svg, 73, 87, https://trees.org/wp-content/uploads/2022/03/kenya.svg, 73, 87","Project Name: , Kisumu 5, Project Type: , Expansion, Started: , 2023"
7340,"project","kisumu-4","Kisumu 4","","","","","https://trees.org/project/kisumu-4/","","","13 Feb 2024","2024-02-13","https://trees.org/project/kisumu-4/, Read more, _self","NORTH WEST KISUMU Location MASENO Division KISUMU RURAL Constituency Nyanza, Kenya, -0.030855, 34.619959, 3, ChIJ2_90LiqpKhgR8-F3X3loy4A, Kisumu County, Kenya, KE","NORTH WEST KISUMU Location MASENO Division KISUMU RURAL Constituency Nyanza, Kenya","-0.030855, 34.619959","5757, 5757, kenya, kenya.svg, 4312, https://trees.org/wp-content/uploads/2022/03/kenya.svg, https://trees.org/kenya/, kenya, 1, , , kenya, inherit, 0, 2022-03-31 00:55:49, 2022-03-31 00:55:49, 0, image/svg+xml, image, svg+xml, https://trees.org/wp-includes/images/media/default.png, 73, 87, https://trees.org/wp-content/uploads/2022/03/kenya.svg, 73, 87, https://trees.org/wp-content/uploads/2022/03/kenya.svg, 73, 87, https://trees.org/wp-content/uploads/2022/03/kenya.svg, 73, 87, https://trees.org/wp-content/uploads/2022/03/kenya.svg, 73, 87, https://trees.org/wp-content/uploads/2022/03/kenya.svg, 73, 87, https://trees.org/wp-content/uploads/2022/03/kenya.svg, 73, 87","Project Name: , Kisumu 4, Project Type: , Expansion, Started: , 2023"
7338,"project","village-afforestation-society","Village Afforestation Society","","","","","https://trees.org/project/village-afforestation-society/","","","13 Feb 2024","2024-02-13","https://trees.org/project/village-afforestation-society/, Read more, _self","G549+QV Bugando, Tanzania, -2.4930501, 33.169638, 3, GhIJ9VA2QMTxA8ARVRSvsraVQEA, Bugando, Mwanza Region, Tanzania, TZ","Bugando, Tanzania","-2.4930501, 33.169638","5755, 5755, tanzia, tanzia.svg, 5868, https://trees.org/wp-content/uploads/2022/03/tanzia.svg, https://trees.org/tanzia/, tanzia, 1, , , tanzia, inherit, 0, 2022-03-31 00:52:17, 2022-03-31 00:52:17, 0, image/svg+xml, image, svg+xml, https://trees.org/wp-includes/images/media/default.png, 80, 81, https://trees.org/wp-content/uploads/2022/03/tanzia.svg, 80, 81, https://trees.org/wp-content/uploads/2022/03/tanzia.svg, 80, 81, https://trees.org/wp-content/uploads/2022/03/tanzia.svg, 80, 81, https://trees.org/wp-content/uploads/2022/03/tanzia.svg, 80, 81, https://trees.org/wp-content/uploads/2022/03/tanzia.svg, 80, 81, https://trees.org/wp-content/uploads/2022/03/tanzia.svg, 80, 81","Project Name: , Village Afforestation Society, Partner: , Village Afforestation Society, Project Type: , Collaboration, Started: , 2022"
7296,"project","busoga-2","Busoga 2","","","","","https://trees.org/project/busoga-2/","","","8 Feb 2024","2024-02-8","https://trees.org/project/busoga-2/, Read more, _self","Bugiri, Uganda, 0.5671365, 33.7461847, 3, ChIJS4haJDf8fhcRc2dl1uRjxKU, Bugiri, Bugiri, Eastern Region, Uganda, UG","Bugiri, Uganda","0.5671365, 33.7461847","5756, 5756, uganda, uganda.svg, 2747, https://trees.org/wp-content/uploads/2022/03/uganda.svg, https://trees.org/uganda/, uganda, 1, , , uganda, inherit, 0, 2022-03-31 00:55:35, 2022-03-31 00:55:35, 0, image/svg+xml, image, svg+xml, https://trees.org/wp-includes/images/media/default.png, 80, 85, https://trees.org/wp-content/uploads/2022/03/uganda.svg, 80, 85, https://trees.org/wp-content/uploads/2022/03/uganda.svg, 80, 85, https://trees.org/wp-content/uploads/2022/03/uganda.svg, 80, 85, https://trees.org/wp-content/uploads/2022/03/uganda.svg, 80, 85, https://trees.org/wp-content/uploads/2022/03/uganda.svg, 80, 85, https://trees.org/wp-content/uploads/2022/03/uganda.svg, 80, 85","Project Name: , Busoga 2, Project Type: , Expansion, Started: , 2024"
7295,"project","busoga-1","Busoga 1","","","","","https://trees.org/project/busoga-1/","","","8 Feb 2024","2024-02-8","https://trees.org/project/busoga-1/, Read more, _self","Namayingo, Uganda, -0.3426331, 33.8411288, 3, ChIJ2yjRqkVTfhcR1hHHnCrLo6c, Namayingo, Eastern Region, Uganda, UG","Namayingo, Uganda","-0.3426331, 33.8411288","5756, 5756, uganda, uganda.svg, 2747, https://trees.org/wp-content/uploads/2022/03/uganda.svg, https://trees.org/uganda/, uganda, 1, , , uganda, inherit, 0, 2022-03-31 00:55:35, 2022-03-31 00:55:35, 0, image/svg+xml, image, svg+xml, https://trees.org/wp-includes/images/media/default.png, 80, 85, https://trees.org/wp-content/uploads/2022/03/uganda.svg, 80, 85, https://trees.org/wp-content/uploads/2022/03/uganda.svg, 80, 85, https://trees.org/wp-content/uploads/2022/03/uganda.svg, 80, 85, https://trees.org/wp-content/uploads/2022/03/uganda.svg, 80, 85, https://trees.org/wp-content/uploads/2022/03/uganda.svg, 80, 85, https://trees.org/wp-content/uploads/2022/03/uganda.svg, 80, 85","Project Name: , Busoga 1, Project Type: , Expansion, Started: , 2024"
7294,"project","mount-elgon-9","Mount Elgon 9","","","","","https://trees.org/project/mount-elgon-9/","","","8 Feb 2024","2024-02-8","https://trees.org/project/mount-elgon-9/, Read more, _self","Tororo, Uganda, 0.6782274, 34.1865669, 3, ChIJRQ1SWT5rfxcRHKUwuxEqdEY, Tororo, Tororo, Eastern Region, Uganda, UG","Tororo, Uganda","0.6782274, 34.1865669","5756, 5756, uganda, uganda.svg, 2747, https://trees.org/wp-content/uploads/2022/03/uganda.svg, https://trees.org/uganda/, uganda, 1, , , uganda, inherit, 0, 2022-03-31 00:55:35, 2022-03-31 00:55:35, 0, image/svg+xml, image, svg+xml, https://trees.org/wp-includes/images/media/default.png, 80, 85, https://trees.org/wp-content/uploads/2022/03/uganda.svg, 80, 85, https://trees.org/wp-content/uploads/2022/03/uganda.svg, 80, 85, https://trees.org/wp-content/uploads/2022/03/uganda.svg, 80, 85, https://trees.org/wp-content/uploads/2022/03/uganda.svg, 80, 85, https://trees.org/wp-content/uploads/2022/03/uganda.svg, 80, 85, https://trees.org/wp-content/uploads/2022/03/uganda.svg, 80, 85","Project Name: , Mount Elgon 9, Project Type: , Expansion, Started: , 2023"
7293,"project","mount-elgon-8","Mount Elgon 8","","","","","https://trees.org/project/mount-elgon-8/","","","8 Feb 2024","2024-02-8","https://trees.org/project/mount-elgon-8/, Read more, _self","Namisindwa, Uganda, 0.9054009, 34.3754414, 3, ChIJF_rKZGRafxcRRk9xj7Ekabg, Namisindwa, Eastern Region, Uganda, UG","Namisindwa, Uganda","0.9054009, 34.3754414","5756, 5756, uganda, uganda.svg, 2747, https://trees.org/wp-content/uploads/2022/03/uganda.svg, https://trees.org/uganda/, uganda, 1, , , uganda, inherit, 0, 2022-03-31 00:55:35, 2022-03-31 00:55:35, 0, image/svg+xml, image, svg+xml, https://trees.org/wp-includes/images/media/default.png, 80, 85, https://trees.org/wp-content/uploads/2022/03/uganda.svg, 80, 85, https://trees.org/wp-content/uploads/2022/03/uganda.svg, 80, 85, https://trees.org/wp-content/uploads/2022/03/uganda.svg, 80, 85, https://trees.org/wp-content/uploads/2022/03/uganda.svg, 80, 85, https://trees.org/wp-content/uploads/2022/03/uganda.svg, 80, 85, https://trees.org/wp-content/uploads/2022/03/uganda.svg, 80, 85","Project Name: , Mount Elgon 8, Project Type: , Expansion, Started: , 2023"
7292,"project","kita-3","Kita 3","","","","","https://trees.org/project/kita-3/","","","8 Feb 2024","2024-02-8","https://trees.org/project/kita-3/, Read more, _self","XP44+5F Dialakoni, Mali, 12.955429, -9.293755, 3, GhIJykxp_S3pKUARrRIsDmeWIsA, Dialakoni, RÃ©gion de Kayes, Mali, ML","Dialakoni, Mali","12.955429, -9.293755","5758, 5758, mali, mali.svg, 7192, https://trees.org/wp-content/uploads/2022/03/mali.svg, https://trees.org/mali/, mali, 1, , , mali, inherit, 0, 2022-03-31 00:56:06, 2022-03-31 00:56:06, 0, image/svg+xml, image, svg+xml, https://trees.org/wp-includes/images/media/default.png, 103, 97, https://trees.org/wp-content/uploads/2022/03/mali.svg, 103, 97, https://trees.org/wp-content/uploads/2022/03/mali.svg, 103, 97, https://trees.org/wp-content/uploads/2022/03/mali.svg, 103, 97, https://trees.org/wp-content/uploads/2022/03/mali.svg, 103, 97, https://trees.org/wp-content/uploads/2022/03/mali.svg, 103, 97, https://trees.org/wp-content/uploads/2022/03/mali.svg, 103, 97","Project Name: , Kita 3, Project Type: , Expansion, Started: , 2024"
7291,"project","kita-2","Kita 2","","","","","https://trees.org/project/kita-2/","","","8 Feb 2024","2024-02-8","https://trees.org/project/kita-2/, Read more, _self","X8VF+7P NimÃ©ra, Mali, 12.993154, -9.675722, 3, GhIJfchbrn78KUARHGDmO_hZI8A, NimÃ©ra, RÃ©gion de Kayes, Mali, ML","NimÃ©ra, Mali","12.993154, -9.675722","5758, 5758, mali, mali.svg, 7192, https://trees.org/wp-content/uploads/2022/03/mali.svg, https://trees.org/mali/, mali, 1, , , mali, inherit, 0, 2022-03-31 00:56:06, 2022-03-31 00:56:06, 0, image/svg+xml, image, svg+xml, https://trees.org/wp-includes/images/media/default.png, 103, 97, https://trees.org/wp-content/uploads/2022/03/mali.svg, 103, 97, https://trees.org/wp-content/uploads/2022/03/mali.svg, 103, 97, https://trees.org/wp-content/uploads/2022/03/mali.svg, 103, 97, https://trees.org/wp-content/uploads/2022/03/mali.svg, 103, 97, https://trees.org/wp-content/uploads/2022/03/mali.svg, 103, 97, https://trees.org/wp-content/uploads/2022/03/mali.svg, 103, 97","Project Name: , Kita 2, Project Type: , Expansion, Started: , 2024"
7290,"project","koulikoro-3","Koulikoro 3","","","","","https://trees.org/project/koulikoro-3/","","","8 Feb 2024","2024-02-8","https://trees.org/project/koulikoro-3/, Read more, _self","GQH7+37 Siradobougou, Mali, 12.527706, -8.236772, 3, GhIJU84Xey8OKUARjzf5LTp5IMA, Siradobougou, RÃ©gion de Koulikoro, Mali, ML","Siradobougou, Mali","12.527706, -8.236772","5758, 5758, mali, mali.svg, 7192, https://trees.org/wp-content/uploads/2022/03/mali.svg, https://trees.org/mali/, mali, 1, , , mali, inherit, 0, 2022-03-31 00:56:06, 2022-03-31 00:56:06, 0, image/svg+xml, image, svg+xml, https://trees.org/wp-includes/images/media/default.png, 103, 97, https://trees.org/wp-content/uploads/2022/03/mali.svg, 103, 97, https://trees.org/wp-content/uploads/2022/03/mali.svg, 103, 97, https://trees.org/wp-content/uploads/2022/03/mali.svg, 103, 97, https://trees.org/wp-content/uploads/2022/03/mali.svg, 103, 97, https://trees.org/wp-content/uploads/2022/03/mali.svg, 103, 97, https://trees.org/wp-content/uploads/2022/03/mali.svg, 103, 97","Project Name: , Koulikoro 3, Project Type: , Expansion, Started: , 2024"
7289,"project","koulikoro-2","Koulikoro 2","","","","","https://trees.org/project/koulikoro-2/","","","8 Feb 2024","2024-02-8","https://trees.org/project/koulikoro-2/, Read more, _self","9JQ6+8W Dyoula Fondo, Mali, 12.388273, -8.387673, 3, GhIJ8db5t8vGKEARnBVRE33GIMA, Dyoula Fondo, RÃ©gion de Koulikoro, Mali, ML","Dyoula Fondo, Mali","12.388273, -8.387673","5758, 5758, mali, mali.svg, 7192, https://trees.org/wp-content/uploads/2022/03/mali.svg, https://trees.org/mali/, mali, 1, , , mali, inherit, 0, 2022-03-31 00:56:06, 2022-03-31 00:56:06, 0, image/svg+xml, image, svg+xml, https://trees.org/wp-includes/images/media/default.png, 103, 97, https://trees.org/wp-content/uploads/2022/03/mali.svg, 103, 97, https://trees.org/wp-content/uploads/2022/03/mali.svg, 103, 97, https://trees.org/wp-content/uploads/2022/03/mali.svg, 103, 97, https://trees.org/wp-content/uploads/2022/03/mali.svg, 103, 97, https://trees.org/wp-content/uploads/2022/03/mali.svg, 103, 97, https://trees.org/wp-content/uploads/2022/03/mali.svg, 103, 97","Project Name: , Koulikoro 2, Project Type: , Expansion, Started: , 2023"
7288,"project","fgf-4-diaoule-association","FGF 4 - Diaoule Association","","","","","https://trees.org/project/fgf-4-diaoule-association/","","","8 Feb 2024","2024-02-8","https://trees.org/project/fgf-4-diaoule-association/, Read more, _self","DiaoulÃ©, Senegal, 14.366667, -16.216667, 3, ChIJTccWK4bz6Q4RxHMFjDXq2KA, DiaoulÃ©, DiaoulÃ©, RÃ©gion de Fatick, Senegal, SN","DiaoulÃ©, Senegal","14.366667, -16.216667","5754, 5754, senegal, senegal.svg, 6027, https://trees.org/wp-content/uploads/2022/03/senegal.svg, https://trees.org/senegal/, senegal, 1, , , senegal, inherit, 0, 2022-03-31 00:51:56, 2022-03-31 00:51:56, 0, image/svg+xml, image, svg+xml, https://trees.org/wp-includes/images/media/default.png, 91, 78, https://trees.org/wp-content/uploads/2022/03/senegal.svg, 91, 78, https://trees.org/wp-content/uploads/2022/03/senegal.svg, 91, 78, https://trees.org/wp-content/uploads/2022/03/senegal.svg, 91, 78, https://trees.org/wp-content/uploads/2022/03/senegal.svg, 91, 78, https://trees.org/wp-content/uploads/2022/03/senegal.svg, 91, 78, https://trees.org/wp-content/uploads/2022/03/senegal.svg, 91, 78","Project Name: , FGF 4 - Diaoule Association, Project Type: , Collaboration, Started: , 2024"
7287,"project","gpf-2-womens-group-project","GPF 2 - Women's Group Project","","","","","https://trees.org/project/gpf-2-womens-group-project/","","","8 Feb 2024","2024-02-8","https://trees.org/project/gpf-2-womens-group-project/, Read more, _self","Neteboulou, Senegal, 13.5779947, -13.7854039, 3, ChIJmWgJPavD7w4RGLplaU-jonc, Neteboulou, Neteboulou, Tambacounda Region, Senegal, SN","Neteboulou, Senegal","13.5779947, -13.7854039","5754, 5754, senegal, senegal.svg, 6027, https://trees.org/wp-content/uploads/2022/03/senegal.svg, https://trees.org/senegal/, senegal, 1, , , senegal, inherit, 0, 2022-03-31 00:51:56, 2022-03-31 00:51:56, 0, image/svg+xml, image, svg+xml, https://trees.org/wp-includes/images/media/default.png, 91, 78, https://trees.org/wp-content/uploads/2022/03/senegal.svg, 91, 78, https://trees.org/wp-content/uploads/2022/03/senegal.svg, 91, 78, https://trees.org/wp-content/uploads/2022/03/senegal.svg, 91, 78, https://trees.org/wp-content/uploads/2022/03/senegal.svg, 91, 78, https://trees.org/wp-content/uploads/2022/03/senegal.svg, 91, 78, https://trees.org/wp-content/uploads/2022/03/senegal.svg, 91, 78","Project Name: , GPF 2 - Women's Group Project, Project Type: , Expansion, Started: , 2024"
7286,"project","gpf-1-womens-group-project","GPF 1 - Women's Group Project","","","","","https://trees.org/project/gpf-1-womens-group-project/","","","8 Feb 2024","2024-02-8","https://trees.org/project/gpf-1-womens-group-project/, Read more, _self","Koussanar, Senegal, 13.8641492, -14.0819419, 3, ChIJ_7WtJbGy7w4R279X3xxmgIw, Koussanar, Koussanar, Tambacounda Region, Senegal, SN","Koussanar, Senegal","13.8641492, -14.0819419","5754, 5754, senegal, senegal.svg, 6027, https://trees.org/wp-content/uploads/2022/03/senegal.svg, https://trees.org/senegal/, senegal, 1, , , senegal, inherit, 0, 2022-03-31 00:51:56, 2022-03-31 00:51:56, 0, image/svg+xml, image, svg+xml, https://trees.org/wp-includes/images/media/default.png, 91, 78, https://trees.org/wp-content/uploads/2022/03/senegal.svg, 91, 78, https://trees.org/wp-content/uploads/2022/03/senegal.svg, 91, 78, https://trees.org/wp-content/uploads/2022/03/senegal.svg, 91, 78, https://trees.org/wp-content/uploads/2022/03/senegal.svg, 91, 78, https://trees.org/wp-content/uploads/2022/03/senegal.svg, 91, 78, https://trees.org/wp-content/uploads/2022/03/senegal.svg, 91, 78","Project Name: , GPF 1 - Women's Group Project, Project Type: , Expansion, Started: , 2024"
7285,"project","tambacounda-5","Tambacounda 5","","","","","https://trees.org/project/tambacounda-5/","","","8 Feb 2024","2024-02-8","https://trees.org/project/tambacounda-5/, Read more, _self","Dialakoto, Senegal, 13.3154549, -13.2865504, 3, ChIJNWjNRpEO8A4RXt-IuKF4kI4, Dialakoto, Dialakoto, Tambacounda Region, Senegal, SN","Dialakoto, Senegal","13.3154549, -13.2865504","5754, 5754, senegal, senegal.svg, 6027, https://trees.org/wp-content/uploads/2022/03/senegal.svg, https://trees.org/senegal/, senegal, 1, , , senegal, inherit, 0, 2022-03-31 00:51:56, 2022-03-31 00:51:56, 0, image/svg+xml, image, svg+xml, https://trees.org/wp-includes/images/media/default.png, 91, 78, https://trees.org/wp-content/uploads/2022/03/senegal.svg, 91, 78, https://trees.org/wp-content/uploads/2022/03/senegal.svg, 91, 78, https://trees.org/wp-content/uploads/2022/03/senegal.svg, 91, 78, https://trees.org/wp-content/uploads/2022/03/senegal.svg, 91, 78, https://trees.org/wp-content/uploads/2022/03/senegal.svg, 91, 78, https://trees.org/wp-content/uploads/2022/03/senegal.svg, 91, 78","Project Name: , Tambacounda 5, Project Type: , Expansion, Started: , 2024"
7284,"project","tambacounda-4","Tambacounda 4","","","","","https://trees.org/project/tambacounda-4/","","","8 Feb 2024","2024-02-8","https://trees.org/project/tambacounda-4/, Read more, _self","Gouloumbou, Senegal, 13.5830059, -13.6956149, 3, ChIJ1ZsGW-Pc7w4R79wg_yxiI3o, Gouloumbou, Gouloumbou, Tambacounda Region, Senegal, SN","Gouloumbou, Senegal","13.5830059, -13.6956149","5754, 5754, senegal, senegal.svg, 6027, https://trees.org/wp-content/uploads/2022/03/senegal.svg, https://trees.org/senegal/, senegal, 1, , , senegal, inherit, 0, 2022-03-31 00:51:56, 2022-03-31 00:51:56, 0, image/svg+xml, image, svg+xml, https://trees.org/wp-includes/images/media/default.png, 91, 78, https://trees.org/wp-content/uploads/2022/03/senegal.svg, 91, 78, https://trees.org/wp-content/uploads/2022/03/senegal.svg, 91, 78, https://trees.org/wp-content/uploads/2022/03/senegal.svg, 91, 78, https://trees.org/wp-content/uploads/2022/03/senegal.svg, 91, 78, https://trees.org/wp-content/uploads/2022/03/senegal.svg, 91, 78, https://trees.org/wp-content/uploads/2022/03/senegal.svg, 91, 78","Project Name: , Tambacounda 4, Project Type: , Expansion, Started: , 2024"
7283,"project","tambacounda-3","Tambacounda 3","","","","","https://trees.org/project/tambacounda-3/","","","8 Feb 2024","2024-02-8","https://trees.org/project/tambacounda-3/, Read more, _self","Ndoga Babacar, Doga, Senegal, 13.7314868, -13.9661595, 3, ChIJSTZ0HgC37w4RIKwiNbzLmT4, Ndoga Babacar, Doga, RÃ©gion de Tambacounda, Senegal, SN","Doga, Senegal","13.7314868, -13.9661595","5754, 5754, senegal, senegal.svg, 6027, https://trees.org/wp-content/uploads/2022/03/senegal.svg, https://trees.org/senegal/, senegal, 1, , , senegal, inherit, 0, 2022-03-31 00:51:56, 2022-03-31 00:51:56, 0, image/svg+xml, image, svg+xml, https://trees.org/wp-includes/images/media/default.png, 91, 78, https://trees.org/wp-content/uploads/2022/03/senegal.svg, 91, 78, https://trees.org/wp-content/uploads/2022/03/senegal.svg, 91, 78, https://trees.org/wp-content/uploads/2022/03/senegal.svg, 91, 78, https://trees.org/wp-content/uploads/2022/03/senegal.svg, 91, 78, https://trees.org/wp-content/uploads/2022/03/senegal.svg, 91, 78, https://trees.org/wp-content/uploads/2022/03/senegal.svg, 91, 78","Project Name: , Tambacounda 3, Project Type: , Expansion, Started: , 2024"
7279,"project","tambacounda-2","Tambacounda 2","","","","","https://trees.org/project/tambacounda-2/","","","7 Feb 2024","2024-02-7","https://trees.org/project/tambacounda-2/, Read more, _self","Bamba Tialene, Senegal, 13.8082039, -14.6182805, 3, ChIJbcYJfK4e7w4RpA9Lb4VxqNQ, Bamba Tialene, RÃ©gion de Tambacounda, Senegal, SN","Bamba Tialene, Senegal","13.8082039, -14.6182805","5754, 5754, senegal, senegal.svg, 6027, https://trees.org/wp-content/uploads/2022/03/senegal.svg, https://trees.org/senegal/, senegal, 1, , , senegal, inherit, 0, 2022-03-31 00:51:56, 2022-03-31 00:51:56, 0, image/svg+xml, image, svg+xml, https://trees.org/wp-includes/images/media/default.png, 91, 78, https://trees.org/wp-content/uploads/2022/03/senegal.svg, 91, 78, https://trees.org/wp-content/uploads/2022/03/senegal.svg, 91, 78, https://trees.org/wp-content/uploads/2022/03/senegal.svg, 91, 78, https://trees.org/wp-content/uploads/2022/03/senegal.svg, 91, 78, https://trees.org/wp-content/uploads/2022/03/senegal.svg, 91, 78, https://trees.org/wp-content/uploads/2022/03/senegal.svg, 91, 78","Project Name: , Tambacounda 2, Project Type: , Expansion, Started: , 2024"
7277,"project","tambacounda-1","Tambacounda 1","","","","","https://trees.org/project/tambacounda-1/","","","7 Feb 2024","2024-02-7","https://trees.org/project/tambacounda-1/, Read more, _self","Lour Escale, Senegal, 14.226418, -14.7408651, 3, ChIJDf0Mwoi87g4R9z5hgy3ffSs, Lour Escale, RÃ©gion de Kaffrine, Senegal, SN","Lour Escale, Senegal","14.226418, -14.7408651","5754, 5754, senegal, senegal.svg, 6027, https://trees.org/wp-content/uploads/2022/03/senegal.svg, https://trees.org/senegal/, senegal, 1, , , senegal, inherit, 0, 2022-03-31 00:51:56, 2022-03-31 00:51:56, 0, image/svg+xml, image, svg+xml, https://trees.org/wp-includes/images/media/default.png, 91, 78, https://trees.org/wp-content/uploads/2022/03/senegal.svg, 91, 78, https://trees.org/wp-content/uploads/2022/03/senegal.svg, 91, 78, https://trees.org/wp-content/uploads/2022/03/senegal.svg, 91, 78, https://trees.org/wp-content/uploads/2022/03/senegal.svg, 91, 78, https://trees.org/wp-content/uploads/2022/03/senegal.svg, 91, 78, https://trees.org/wp-content/uploads/2022/03/senegal.svg, 91, 78","Project Name: , Tambacounda 1, Project Type: , Expansion, Started: , 2024"
5938,"project","kedougou-1-pif-3","Kedougou 1 - PIF 3","","","","","https://trees.org/project/kedougou-1-pif-3/","","","4 Apr 2022","2022-04-4","https://trees.org/project/kedougou-1-pif-3/, Read more, _self","Kedougou, Senegal, 12.5604607, -12.1747077, 3, ChIJiQd_j5Ys-g4R0Lrjcf8HoBE, Kedougou, Kedougou, KÃ©dougou Region, Senegal, SN","Kedougou, Senegal","12.5604607, -12.1747077","5754, 5754, senegal, senegal.svg, 6027, https://trees.org/wp-content/uploads/2022/03/senegal.svg, https://trees.org/senegal/, senegal, 1, , , senegal, inherit, 0, 2022-03-31 00:51:56, 2022-03-31 00:51:56, 0, image/svg+xml, image, svg+xml, https://trees.org/wp-includes/images/media/default.png, 91, 78, https://trees.org/wp-content/uploads/2022/03/senegal.svg, 91, 78, https://trees.org/wp-content/uploads/2022/03/senegal.svg, 91, 78, https://trees.org/wp-content/uploads/2022/03/senegal.svg, 91, 78, https://trees.org/wp-content/uploads/2022/03/senegal.svg, 91, 78, https://trees.org/wp-content/uploads/2022/03/senegal.svg, 91, 78, https://trees.org/wp-content/uploads/2022/03/senegal.svg, 91, 78","Project Name: , Kedougou 1 - PIF 3, Number of trees planted: , 480,000, Project Type: , Replication - Plant it Forward, Started: , 2021"
5910,"project","land-and-environmental-rights-watch-africa","Land and Environmental Rights Watch Africa","","","","","https://trees.org/project/land-and-environmental-rights-watch-africa/","","","1 Apr 2022","2022-04-1","https://trees.org/project/land-and-environmental-rights-watch-africa/, Read more, _self","M2X3+8H Mulanda, Uganda, 0.698287658, 34.00398412, 3, GhIJsV5Wcl9Y5j8RHJoNjYIAQUA, Mulanda, Mkoa wa Mashariki, Uganda, UG","Mulanda, Uganda","0.698287658, 34.00398412","5756, 5756, uganda, uganda.svg, 2747, https://trees.org/wp-content/uploads/2022/03/uganda.svg, https://trees.org/uganda/, uganda, 1, , , uganda, inherit, 0, 2022-03-31 00:55:35, 2022-03-31 00:55:35, 0, image/svg+xml, image, svg+xml, https://trees.org/wp-includes/images/media/default.png, 80, 85, https://trees.org/wp-content/uploads/2022/03/uganda.svg, 80, 85, https://trees.org/wp-content/uploads/2022/03/uganda.svg, 80, 85, https://trees.org/wp-content/uploads/2022/03/uganda.svg, 80, 85, https://trees.org/wp-content/uploads/2022/03/uganda.svg, 80, 85, https://trees.org/wp-content/uploads/2022/03/uganda.svg, 80, 85, https://trees.org/wp-content/uploads/2022/03/uganda.svg, 80, 85","Project Name: , Land and Environmental Rights Watch Africa, Number of trees planted: , 741,000, Partner: , Land and Environmental Rights Watch Africa, Project Type: , Collaboration, Started: , 2021"
5908,"project","amigos-worldwide-ltd","Amigos Worldwide Ltd","","","","","https://trees.org/project/amigos-worldwide-ltd/","","","1 Apr 2022","2022-04-1","https://trees.org/project/amigos-worldwide-ltd/, Read more, _self","VFV9+V4 Namugongo, Uganda, 0.894709546, 33.46775579, 3, GhIJ1XQ90XWh7D8R1cELbN-7QEA, Namugongo, Mkoa wa Mashariki, Uganda, UG","Namugongo, Uganda","0.894709546, 33.46775579","5756, 5756, uganda, uganda.svg, 2747, https://trees.org/wp-content/uploads/2022/03/uganda.svg, https://trees.org/uganda/, uganda, 1, , , uganda, inherit, 0, 2022-03-31 00:55:35, 2022-03-31 00:55:35, 0, image/svg+xml, image, svg+xml, https://trees.org/wp-includes/images/media/default.png, 80, 85, https://trees.org/wp-content/uploads/2022/03/uganda.svg, 80, 85, https://trees.org/wp-content/uploads/2022/03/uganda.svg, 80, 85, https://trees.org/wp-content/uploads/2022/03/uganda.svg, 80, 85, https://trees.org/wp-content/uploads/2022/03/uganda.svg, 80, 85, https://trees.org/wp-content/uploads/2022/03/uganda.svg, 80, 85, https://trees.org/wp-content/uploads/2022/03/uganda.svg, 80, 85","Project Name: , Amigos Worldwide Ltd, Number of trees planted: , 3,600, Partner: , Amigos Worldwide Ltd, Project Type: , Collaboration, Started: , 2021"
5907,"project","bushika-integrated-area-cooperative-enterprise-limited","Bushika Integrated Area Cooperative Enterprise Limited","","","","","https://trees.org/project/bushika-integrated-area-cooperative-enterprise-limited/","","","1 Apr 2022","2022-04-1","https://trees.org/project/bushika-integrated-area-cooperative-enterprise-limited/, Read more, _self","29V4+Q7W, Bushika, Uganda, 1.04398552, 34.3569429, 3, ChIJA0k3f76teBcREbqP3XlBSAY, Bushika, Eastern Region, Uganda, UG","Bushika, Uganda","1.04398552, 34.3569429","5756, 5756, uganda, uganda.svg, 2747, https://trees.org/wp-content/uploads/2022/03/uganda.svg, https://trees.org/uganda/, uganda, 1, , , uganda, inherit, 0, 2022-03-31 00:55:35, 2022-03-31 00:55:35, 0, image/svg+xml, image, svg+xml, https://trees.org/wp-includes/images/media/default.png, 80, 85, https://trees.org/wp-content/uploads/2022/03/uganda.svg, 80, 85, https://trees.org/wp-content/uploads/2022/03/uganda.svg, 80, 85, https://trees.org/wp-content/uploads/2022/03/uganda.svg, 80, 85, https://trees.org/wp-content/uploads/2022/03/uganda.svg, 80, 85, https://trees.org/wp-content/uploads/2022/03/uganda.svg, 80, 85, https://trees.org/wp-content/uploads/2022/03/uganda.svg, 80, 85","Project Name: , Bushika Integrated Area Cooperative Enterprise Limited, Number of trees planted: , 633,000, Partner: , Bushika Integrated Area Cooperative Enterprise Limited , Project Type: , Collaboration, Started: , 2021"
5887,"project","life-securing-relief-services","Life Securing & Relief Services","","","","","https://trees.org/project/life-securing-relief-services/","","","1 Apr 2022","2022-04-1","https://trees.org/project/life-securing-relief-services/, Read more, _self","5HGH+JJ Kahama, Tanzania, -3.823382, 32.579028, 3, GhIJq-tQTUmWDsAR8bvplh1KQEA, Kahama, Shinyanga Region, Tanzania, TZ","Kahama, Tanzania","-3.823382, 32.579028","5755, 5755, tanzia, tanzia.svg, 5868, https://trees.org/wp-content/uploads/2022/03/tanzia.svg, https://trees.org/tanzia/, tanzia, 1, , , tanzia, inherit, 0, 2022-03-31 00:52:17, 2022-03-31 00:52:17, 0, image/svg+xml, image, svg+xml, https://trees.org/wp-includes/images/media/default.png, 80, 81, https://trees.org/wp-content/uploads/2022/03/tanzia.svg, 80, 81, https://trees.org/wp-content/uploads/2022/03/tanzia.svg, 80, 81, https://trees.org/wp-content/uploads/2022/03/tanzia.svg, 80, 81, https://trees.org/wp-content/uploads/2022/03/tanzia.svg, 80, 81, https://trees.org/wp-content/uploads/2022/03/tanzia.svg, 80, 81, https://trees.org/wp-content/uploads/2022/03/tanzia.svg, 80, 81","Project Name: , Life Securing & Relief Services, Number of trees planted: , 140,000, Partner: , Life Securing & Relief Services, Project Type: , Collaboration, Started: , 2021"
5884,"project","twitange-environmental-group","Twitange Environmental Group","","","","","https://trees.org/project/twitange-environmental-group/","","","1 Apr 2022","2022-04-1","https://trees.org/project/twitange-environmental-group/, Read more, _self","2HX7+CR Tanangozi, Tanzania, -7.951391, 35.564592, 3, GhIJvtU6cTnOH8ARp8r3jETIQUA, Tanangozi, Iringa Region, Tanzania, TZ","Tanangozi, Tanzania","-7.951391, 35.564592","5755, 5755, tanzia, tanzia.svg, 5868, https://trees.org/wp-content/uploads/2022/03/tanzia.svg, https://trees.org/tanzia/, tanzia, 1, , , tanzia, inherit, 0, 2022-03-31 00:52:17, 2022-03-31 00:52:17, 0, image/svg+xml, image, svg+xml, https://trees.org/wp-includes/images/media/default.png, 80, 81, https://trees.org/wp-content/uploads/2022/03/tanzia.svg, 80, 81, https://trees.org/wp-content/uploads/2022/03/tanzia.svg, 80, 81, https://trees.org/wp-content/uploads/2022/03/tanzia.svg, 80, 81, https://trees.org/wp-content/uploads/2022/03/tanzia.svg, 80, 81, https://trees.org/wp-content/uploads/2022/03/tanzia.svg, 80, 81, https://trees.org/wp-content/uploads/2022/03/tanzia.svg, 80, 81","Project Name: , Twitange Environmental Group, Number of trees planted: , 78,000, Partner: , Twitange Environmental Group, Project Type: , Collaboration, Started: , 2021"
5883,"project","women-against-poverty","Women Against Poverty","","","","","https://trees.org/project/women-against-poverty/","","","1 Apr 2022","2022-04-1","https://trees.org/project/women-against-poverty/, Read more, _self","34MP+8P Dar es Salaam, Tanzania, -6.916749, 39.136823, 3, GhIJFJD2P8CqG8ARmSuDaoORQ0A, Dar es Salaam, DSM, Dar es Salam, Tanzania, TZ","Dar es Salaam, Tanzania","-6.916749, 39.136823","5755, 5755, tanzia, tanzia.svg, 5868, https://trees.org/wp-content/uploads/2022/03/tanzia.svg, https://trees.org/tanzia/, tanzia, 1, , , tanzia, inherit, 0, 2022-03-31 00:52:17, 2022-03-31 00:52:17, 0, image/svg+xml, image, svg+xml, https://trees.org/wp-includes/images/media/default.png, 80, 81, https://trees.org/wp-content/uploads/2022/03/tanzia.svg, 80, 81, https://trees.org/wp-content/uploads/2022/03/tanzia.svg, 80, 81, https://trees.org/wp-content/uploads/2022/03/tanzia.svg, 80, 81, https://trees.org/wp-content/uploads/2022/03/tanzia.svg, 80, 81, https://trees.org/wp-content/uploads/2022/03/tanzia.svg, 80, 81, https://trees.org/wp-content/uploads/2022/03/tanzia.svg, 80, 81","Project Name: , Women Against Poverty, Number of trees planted: , 107,000, Partner: , Women Against Poverty, Project Type: , Collaboration, Started: , 2021"
5879,"project","adese","ADESE","","","","","https://trees.org/project/adese/","","","1 Apr 2022","2022-04-1","https://trees.org/project/adese/, Read more, _self","5PMV+FC Singida, Tanzania, -4.81629, 34.74358, 3, GhIJFTWYhuFDE8AR1_oioS1fQUA, Singida, Singida Region, Tanzania, TZ","Singida, Tanzania","-4.81629, 34.74358","5755, 5755, tanzia, tanzia.svg, 5868, https://trees.org/wp-content/uploads/2022/03/tanzia.svg, https://trees.org/tanzia/, tanzia, 1, , , tanzia, inherit, 0, 2022-03-31 00:52:17, 2022-03-31 00:52:17, 0, image/svg+xml, image, svg+xml, https://trees.org/wp-includes/images/media/default.png, 80, 81, https://trees.org/wp-content/uploads/2022/03/tanzia.svg, 80, 81, https://trees.org/wp-content/uploads/2022/03/tanzia.svg, 80, 81, https://trees.org/wp-content/uploads/2022/03/tanzia.svg, 80, 81, https://trees.org/wp-content/uploads/2022/03/tanzia.svg, 80, 81, https://trees.org/wp-content/uploads/2022/03/tanzia.svg, 80, 81, https://trees.org/wp-content/uploads/2022/03/tanzia.svg, 80, 81","Project Name: , ADESE, Number of trees planted: , 1,282,000, Partner: , Ant Desert Environment Scheme, Project Type: , Collaboration, Started: , 2021"
5878,"project","cdi-2","CDI 2","","","","","https://trees.org/project/cdi-2/","","","1 Apr 2022","2022-04-1","https://trees.org/project/cdi-2/, Read more, _self","20 Balozi Street, Gangilonga, Iringa, Tanzania, -7.770292, 35.707373, 3, ChIJMcWUqtAXVBgRCj9t7ksAd2A, Iringa, Iringa Region, Tanzania, TZ","Iringa, Tanzania","-7.770292, 35.707373","5755, 5755, tanzia, tanzia.svg, 5868, https://trees.org/wp-content/uploads/2022/03/tanzia.svg, https://trees.org/tanzia/, tanzia, 1, , , tanzia, inherit, 0, 2022-03-31 00:52:17, 2022-03-31 00:52:17, 0, image/svg+xml, image, svg+xml, https://trees.org/wp-includes/images/media/default.png, 80, 81, https://trees.org/wp-content/uploads/2022/03/tanzia.svg, 80, 81, https://trees.org/wp-content/uploads/2022/03/tanzia.svg, 80, 81, https://trees.org/wp-content/uploads/2022/03/tanzia.svg, 80, 81, https://trees.org/wp-content/uploads/2022/03/tanzia.svg, 80, 81, https://trees.org/wp-content/uploads/2022/03/tanzia.svg, 80, 81, https://trees.org/wp-content/uploads/2022/03/tanzia.svg, 80, 81","Project Name: , CDI 2, Number of trees planted: , 1,000,000, Partner: , Clinton Development Initiative, Project Type: , Collaboration, Started: , 2022"
5870,"project","joint-hands-youth-group","Joint Hands Youth Group","","","","","https://trees.org/project/joint-hands-youth-group/","","","1 Apr 2022","2022-04-1","https://trees.org/project/joint-hands-youth-group/, Read more, _self","2F2R+MQ Stelah, Kenya, -0.99833333, 34.49194444, 3, GhIJij9ArVjy778Rprm6CPg-QUA, Stelah, Migori County, Kenya, KE","Stelah, Kenya","-0.99833333, 34.49194444","5757, 5757, kenya, kenya.svg, 4312, https://trees.org/wp-content/uploads/2022/03/kenya.svg, https://trees.org/kenya/, kenya, 1, , , kenya, inherit, 0, 2022-03-31 00:55:49, 2022-03-31 00:55:49, 0, image/svg+xml, image, svg+xml, https://trees.org/wp-includes/images/media/default.png, 73, 87, https://trees.org/wp-content/uploads/2022/03/kenya.svg, 73, 87, https://trees.org/wp-content/uploads/2022/03/kenya.svg, 73, 87, https://trees.org/wp-content/uploads/2022/03/kenya.svg, 73, 87, https://trees.org/wp-content/uploads/2022/03/kenya.svg, 73, 87, https://trees.org/wp-content/uploads/2022/03/kenya.svg, 73, 87, https://trees.org/wp-content/uploads/2022/03/kenya.svg, 73, 87","Project Name: , Joint Hands Youth Group, Number of trees planted: , 725,000, Partner: , Joint Hands, Project Type: , Collaboration, Started: , 2021"
5865,"project","integrated-action-oriented-women","Integrated Action-Oriented Women","","","","","https://trees.org/project/integrated-action-oriented-women/","","","1 Apr 2022","2022-04-1","https://trees.org/project/integrated-action-oriented-women/, Read more, _self","9WFC+V4 Malava, Kenya, 0.3747, 34.9203, 3, GhIJs-pztRX71z8RIEHxY8x1QUA, Malava, Kakamega County, Kenya, KE","Malava, Kenya","0.3747, 34.9203","5757, 5757, kenya, kenya.svg, 4312, https://trees.org/wp-content/uploads/2022/03/kenya.svg, https://trees.org/kenya/, kenya, 1, , , kenya, inherit, 0, 2022-03-31 00:55:49, 2022-03-31 00:55:49, 0, image/svg+xml, image, svg+xml, https://trees.org/wp-includes/images/media/default.png, 73, 87, https://trees.org/wp-content/uploads/2022/03/kenya.svg, 73, 87, https://trees.org/wp-content/uploads/2022/03/kenya.svg, 73, 87, https://trees.org/wp-content/uploads/2022/03/kenya.svg, 73, 87, https://trees.org/wp-content/uploads/2022/03/kenya.svg, 73, 87, https://trees.org/wp-content/uploads/2022/03/kenya.svg, 73, 87, https://trees.org/wp-content/uploads/2022/03/kenya.svg, 73, 87","Project Name: , Integrated Action-Oriented Women, Number of trees planted: , 139,000, Partner: , Integrated Action, Project Type: , Collaboration, Started: , 2021"
5821,"project","busia-5","Busia 5","","","","","https://trees.org/project/busia-5/","","","31 Mar 2022","2022-03-31","https://trees.org/project/busia-5/, Read more, _self","9XW3+H9 Butacho, Uganda, 0.396489, 33.953471, 3, GhIJ0lEOZhNg2T8Rm1d1Vgv6QEA, Butacho, Mkoa wa Mashariki, Uganda, UG","Butacho, Uganda","0.396489, 33.953471","5756, 5756, uganda, uganda.svg, 2747, https://trees.org/wp-content/uploads/2022/03/uganda.svg, https://trees.org/uganda/, uganda, 1, , , uganda, inherit, 0, 2022-03-31 00:55:35, 2022-03-31 00:55:35, 0, image/svg+xml, image, svg+xml, https://trees.org/wp-includes/images/media/default.png, 80, 85, https://trees.org/wp-content/uploads/2022/03/uganda.svg, 80, 85, https://trees.org/wp-content/uploads/2022/03/uganda.svg, 80, 85, https://trees.org/wp-content/uploads/2022/03/uganda.svg, 80, 85, https://trees.org/wp-content/uploads/2022/03/uganda.svg, 80, 85, https://trees.org/wp-content/uploads/2022/03/uganda.svg, 80, 85, https://trees.org/wp-content/uploads/2022/03/uganda.svg, 80, 85","Project Name: , Busia 5, Number of trees planted: , 450,000, Project Type: , Expansion, Started: , 2021"
5820,"project","busia-4","Busia 4","","","","","https://trees.org/project/busia-4/","","","31 Mar 2022","2022-03-31","https://trees.org/project/busia-4/, Read more, _self","9XW3+H9 Butacho, Uganda, 0.396489, 33.953471, 3, GhIJ0lEOZhNg2T8Rm1d1Vgv6QEA, Butacho, Mkoa wa Mashariki, Uganda, UG","Butacho, Uganda","0.396489, 33.953471","5756, 5756, uganda, uganda.svg, 2747, https://trees.org/wp-content/uploads/2022/03/uganda.svg, https://trees.org/uganda/, uganda, 1, , , uganda, inherit, 0, 2022-03-31 00:55:35, 2022-03-31 00:55:35, 0, image/svg+xml, image, svg+xml, https://trees.org/wp-includes/images/media/default.png, 80, 85, https://trees.org/wp-content/uploads/2022/03/uganda.svg, 80, 85, https://trees.org/wp-content/uploads/2022/03/uganda.svg, 80, 85, https://trees.org/wp-content/uploads/2022/03/uganda.svg, 80, 85, https://trees.org/wp-content/uploads/2022/03/uganda.svg, 80, 85, https://trees.org/wp-content/uploads/2022/03/uganda.svg, 80, 85, https://trees.org/wp-content/uploads/2022/03/uganda.svg, 80, 85","Project Name: , Busia 4, Number of trees planted: , 599,000, Project Type: , Expansion, Started: , 2021"
5818,"project","mount-elgon-7","Mount Elgon 7","","","","","https://trees.org/project/mount-elgon-7/","","","31 Mar 2022","2022-03-31","https://trees.org/project/mount-elgon-7/, Read more, _self","W55P+XCH, Musese, Uganda, 0.909762, 34.186217, 3, ChIJMyqQcLJJfxcRPjIo9JvDtng, Musese, Mkoa wa Mashariki, Uganda, UG","Musese, Uganda","0.909762, 34.186217","5756, 5756, uganda, uganda.svg, 2747, https://trees.org/wp-content/uploads/2022/03/uganda.svg, https://trees.org/uganda/, uganda, 1, , , uganda, inherit, 0, 2022-03-31 00:55:35, 2022-03-31 00:55:35, 0, image/svg+xml, image, svg+xml, https://trees.org/wp-includes/images/media/default.png, 80, 85, https://trees.org/wp-content/uploads/2022/03/uganda.svg, 80, 85, https://trees.org/wp-content/uploads/2022/03/uganda.svg, 80, 85, https://trees.org/wp-content/uploads/2022/03/uganda.svg, 80, 85, https://trees.org/wp-content/uploads/2022/03/uganda.svg, 80, 85, https://trees.org/wp-content/uploads/2022/03/uganda.svg, 80, 85, https://trees.org/wp-content/uploads/2022/03/uganda.svg, 80, 85","Project Name: , Mount Elgon 7, Number of trees planted: , 600,000, Project Type: , Expansion, Started: , 2021"
5817,"project","mount-elgon-6","Mount Elgon 6","","","","","https://trees.org/project/mount-elgon-6/","","","31 Mar 2022","2022-03-31","https://trees.org/project/mount-elgon-6/, Read more, _self","W55P+XCH, Musese, Uganda, 0.909762, 34.186217, 3, ChIJMyqQcLJJfxcRPjIo9JvDtng, Musese, Mkoa wa Mashariki, Uganda, UG","Musese, Uganda","0.909762, 34.186217","5756, 5756, uganda, uganda.svg, 2747, https://trees.org/wp-content/uploads/2022/03/uganda.svg, https://trees.org/uganda/, uganda, 1, , , uganda, inherit, 0, 2022-03-31 00:55:35, 2022-03-31 00:55:35, 0, image/svg+xml, image, svg+xml, https://trees.org/wp-includes/images/media/default.png, 80, 85, https://trees.org/wp-content/uploads/2022/03/uganda.svg, 80, 85, https://trees.org/wp-content/uploads/2022/03/uganda.svg, 80, 85, https://trees.org/wp-content/uploads/2022/03/uganda.svg, 80, 85, https://trees.org/wp-content/uploads/2022/03/uganda.svg, 80, 85, https://trees.org/wp-content/uploads/2022/03/uganda.svg, 80, 85, https://trees.org/wp-content/uploads/2022/03/uganda.svg, 80, 85","Project Name: , Mount Elgon 6, Number of trees planted: , 600,000, Project Type: , Expansion, Started: , 2021"
5816,"project","mount-elgon-5","Mount Elgon 5","","","","","https://trees.org/project/mount-elgon-5/","","","31 Mar 2022","2022-03-31","https://trees.org/project/mount-elgon-5/, Read more, _self","W55P+XCH, Musese, Uganda, 0.909762, 34.186217, 3, ChIJMyqQcLJJfxcRPjIo9JvDtng, Musese, Mkoa wa Mashariki, Uganda, UG","Musese, Uganda","0.909762, 34.186217","5756, 5756, uganda, uganda.svg, 2747, https://trees.org/wp-content/uploads/2022/03/uganda.svg, https://trees.org/uganda/, uganda, 1, , , uganda, inherit, 0, 2022-03-31 00:55:35, 2022-03-31 00:55:35, 0, image/svg+xml, image, svg+xml, https://trees.org/wp-includes/images/media/default.png, 80, 85, https://trees.org/wp-content/uploads/2022/03/uganda.svg, 80, 85, https://trees.org/wp-content/uploads/2022/03/uganda.svg, 80, 85, https://trees.org/wp-content/uploads/2022/03/uganda.svg, 80, 85, https://trees.org/wp-content/uploads/2022/03/uganda.svg, 80, 85, https://trees.org/wp-content/uploads/2022/03/uganda.svg, 80, 85, https://trees.org/wp-content/uploads/2022/03/uganda.svg, 80, 85","Project Name: , Mount Elgon 5, Number of trees planted: , 1,274,000, Project Type: , Expansion, Started: , 2021"
5815,"project","mount-elgon-4","Mount Elgon 4","","","","","https://trees.org/project/mount-elgon-4/","","","31 Mar 2022","2022-03-31","https://trees.org/project/mount-elgon-4/, Read more, _self","X9X7+PM Bukigai, Uganda, 0.999296, 34.364217, 3, GhIJdsHgmjv67z8R2NKjqZ4uQUA, Bukigai, Eastern Region, Uganda, UG","Bukigai, Uganda","0.999296, 34.364217","5756, 5756, uganda, uganda.svg, 2747, https://trees.org/wp-content/uploads/2022/03/uganda.svg, https://trees.org/uganda/, uganda, 1, , , uganda, inherit, 0, 2022-03-31 00:55:35, 2022-03-31 00:55:35, 0, image/svg+xml, image, svg+xml, https://trees.org/wp-includes/images/media/default.png, 80, 85, https://trees.org/wp-content/uploads/2022/03/uganda.svg, 80, 85, https://trees.org/wp-content/uploads/2022/03/uganda.svg, 80, 85, https://trees.org/wp-content/uploads/2022/03/uganda.svg, 80, 85, https://trees.org/wp-content/uploads/2022/03/uganda.svg, 80, 85, https://trees.org/wp-content/uploads/2022/03/uganda.svg, 80, 85, https://trees.org/wp-content/uploads/2022/03/uganda.svg, 80, 85","Project Name: , Mount Elgon 4, Number of trees planted: , 1,034,000, Project Type: , Expansion, Started: , 2021"
5803,"project","singida-6","Singida 6","","","","","https://trees.org/project/singida-6/","","","31 Mar 2022","2022-03-31","https://trees.org/project/singida-6/, Read more, _self","X2X2+CM Musughaa, Tanzania, -5.001395, 35.001723, 3, GhIJ_YLdsG0BFMARVFOSdTiAQUA, Musughaa, Singida Region, Tanzania, TZ","Musughaa, Tanzania","-5.001395, 35.001723","5755, 5755, tanzia, tanzia.svg, 5868, https://trees.org/wp-content/uploads/2022/03/tanzia.svg, https://trees.org/tanzia/, tanzia, 1, , , tanzia, inherit, 0, 2022-03-31 00:52:17, 2022-03-31 00:52:17, 0, image/svg+xml, image, svg+xml, https://trees.org/wp-includes/images/media/default.png, 80, 81, https://trees.org/wp-content/uploads/2022/03/tanzia.svg, 80, 81, https://trees.org/wp-content/uploads/2022/03/tanzia.svg, 80, 81, https://trees.org/wp-content/uploads/2022/03/tanzia.svg, 80, 81, https://trees.org/wp-content/uploads/2022/03/tanzia.svg, 80, 81, https://trees.org/wp-content/uploads/2022/03/tanzia.svg, 80, 81, https://trees.org/wp-content/uploads/2022/03/tanzia.svg, 80, 81","Project Name: , Singida 6, Number of trees planted: , 232,000, Project Type: , Expansion, Started: , 2020"
5799,"project","kisumu-3","Kisumu 3","","","","","https://trees.org/project/kisumu-3/","","","31 Mar 2022","2022-03-31","https://trees.org/project/kisumu-3/, Read more, _self","Sondu, Kenya, -0.3900075, 35.0140324, 3, ChIJg-wnCxHlKhgRxHx6Qixs8WU, Sondu, Sondu, Kisumu County, Kenya, KE","Sondu, Kenya","-0.3900075, 35.0140324","5757, 5757, kenya, kenya.svg, 4312, https://trees.org/wp-content/uploads/2022/03/kenya.svg, https://trees.org/kenya/, kenya, 1, , , kenya, inherit, 0, 2022-03-31 00:55:49, 2022-03-31 00:55:49, 0, image/svg+xml, image, svg+xml, https://trees.org/wp-includes/images/media/default.png, 73, 87, https://trees.org/wp-content/uploads/2022/03/kenya.svg, 73, 87, https://trees.org/wp-content/uploads/2022/03/kenya.svg, 73, 87, https://trees.org/wp-content/uploads/2022/03/kenya.svg, 73, 87, https://trees.org/wp-content/uploads/2022/03/kenya.svg, 73, 87, https://trees.org/wp-content/uploads/2022/03/kenya.svg, 73, 87, https://trees.org/wp-content/uploads/2022/03/kenya.svg, 73, 87","Project Name: , Kisumu 3, Number of trees planted: , 753,000, Project Type: , Expansion, Started: , 2021"
5797,"project","migori-3","Migori 3","","","","","https://trees.org/project/migori-3/","","","31 Mar 2022","2022-03-31","https://trees.org/project/migori-3/, Read more, _self","Migori, Kenya, -1.0706976, 34.4752715, 3, ChIJTWORK39T0xkRCavfLF-CJXI, Migori, Migori, Migori County, Kenya, KE","Migori, Kenya","-1.0706976, 34.4752715","5757, 5757, kenya, kenya.svg, 4312, https://trees.org/wp-content/uploads/2022/03/kenya.svg, https://trees.org/kenya/, kenya, 1, , , kenya, inherit, 0, 2022-03-31 00:55:49, 2022-03-31 00:55:49, 0, image/svg+xml, image, svg+xml, https://trees.org/wp-includes/images/media/default.png, 73, 87, https://trees.org/wp-content/uploads/2022/03/kenya.svg, 73, 87, https://trees.org/wp-content/uploads/2022/03/kenya.svg, 73, 87, https://trees.org/wp-content/uploads/2022/03/kenya.svg, 73, 87, https://trees.org/wp-content/uploads/2022/03/kenya.svg, 73, 87, https://trees.org/wp-content/uploads/2022/03/kenya.svg, 73, 87, https://trees.org/wp-content/uploads/2022/03/kenya.svg, 73, 87","Project Name: , Migori 3, Number of trees planted: , 938,000, Project Type: , Expansion, Started: , 2021"
5796,"project","homa-bay-7","Homa Bay 7","","","","","https://trees.org/project/homa-bay-7/","","","31 Mar 2022","2022-03-31","https://trees.org/project/homa-bay-7/, Read more, _self","Homa Bay, Kenya, -0.5350427, 34.4530968, 3, ChIJ_90jxffU1BkRET4aN7On1sM, Homa Bay, Homa Bay, Homa Bay County, Kenya, KE","Homa Bay, Kenya","-0.5350427, 34.4530968","5757, 5757, kenya, kenya.svg, 4312, https://trees.org/wp-content/uploads/2022/03/kenya.svg, https://trees.org/kenya/, kenya, 1, , , kenya, inherit, 0, 2022-03-31 00:55:49, 2022-03-31 00:55:49, 0, image/svg+xml, image, svg+xml, https://trees.org/wp-includes/images/media/default.png, 73, 87, https://trees.org/wp-content/uploads/2022/03/kenya.svg, 73, 87, https://trees.org/wp-content/uploads/2022/03/kenya.svg, 73, 87, https://trees.org/wp-content/uploads/2022/03/kenya.svg, 73, 87, https://trees.org/wp-content/uploads/2022/03/kenya.svg, 73, 87, https://trees.org/wp-content/uploads/2022/03/kenya.svg, 73, 87, https://trees.org/wp-content/uploads/2022/03/kenya.svg, 73, 87","Project Name: , Homa Bay 7, Number of trees planted: , 1,152,000, Project Type: , Expansion, Started: , 2020"
5752,"project","koulikoro-1","Koulikoro 1","","","","","https://trees.org/project/koulikoro-1/","","","31 Mar 2022","2022-03-31","https://trees.org/project/koulikoro-1/, Read more, _self","9QCQ+9V Dalakana, Mali, 12.370905, -8.210305, 3, GhIJg9iZQue9KEAR3V7SGK1rIMA, Dalakana, RÃ©gion de Koulikoro, Mali, ML","Dalakana, Mali","12.370905, -8.210305","5758, 5758, mali, mali.svg, 7192, https://trees.org/wp-content/uploads/2022/03/mali.svg, https://trees.org/mali/, mali, 1, , , mali, inherit, 0, 2022-03-31 00:56:06, 2022-03-31 00:56:06, 0, image/svg+xml, image, svg+xml, https://trees.org/wp-includes/images/media/default.png, 103, 97, https://trees.org/wp-content/uploads/2022/03/mali.svg, 103, 97, https://trees.org/wp-content/uploads/2022/03/mali.svg, 103, 97, https://trees.org/wp-content/uploads/2022/03/mali.svg, 103, 97, https://trees.org/wp-content/uploads/2022/03/mali.svg, 103, 97, https://trees.org/wp-content/uploads/2022/03/mali.svg, 103, 97, https://trees.org/wp-content/uploads/2022/03/mali.svg, 103, 97","Project Name: , Koulikoro 1, Number of trees planted: , 534,000, Project Type: , Expansion, Started: , 2021"
5751,"project","5751","Kita 1","","","","","https://trees.org/project/5751/","","","31 Mar 2022","2022-03-31","https://trees.org/project/5751/, Read more, _self","RHC2+JF Diangoula, Mali, 12.82151, -9.4488, 3, GhIJhqxu9ZykKUARveMUHcnlIsA, Diangoula, RÃ©gion de Kayes, Mali, ML","Diangoula, Mali","12.82151, -9.4488","5758, 5758, mali, mali.svg, 7192, https://trees.org/wp-content/uploads/2022/03/mali.svg, https://trees.org/mali/, mali, 1, , , mali, inherit, 0, 2022-03-31 00:56:06, 2022-03-31 00:56:06, 0, image/svg+xml, image, svg+xml, https://trees.org/wp-includes/images/media/default.png, 103, 97, https://trees.org/wp-content/uploads/2022/03/mali.svg, 103, 97, https://trees.org/wp-content/uploads/2022/03/mali.svg, 103, 97, https://trees.org/wp-content/uploads/2022/03/mali.svg, 103, 97, https://trees.org/wp-content/uploads/2022/03/mali.svg, 103, 97, https://trees.org/wp-content/uploads/2022/03/mali.svg, 103, 97, https://trees.org/wp-content/uploads/2022/03/mali.svg, 103, 97","Project Name: , Kita 1, Number of trees planted: , 816,000, Project Type: , Expansion, Started: , 2021"
4234,"project","busia-3","Busia 3","","","","","https://trees.org/project/busia-3/","","","24 Apr 2020","2020-04-24","https://trees.org/project/busia-3/, Read more, _self","93H4+5H Busikho, Uganda, 0.377987, 34.056381, 3, GhIJrgrUYvAw2D8R0o4bfjcHQUA, Busikho, Mkoa wa Mashariki, Uganda, UG","Busikho, Uganda","0.377987, 34.056381","5756, 5756, uganda, uganda.svg, 2747, https://trees.org/wp-content/uploads/2022/03/uganda.svg, https://trees.org/uganda/, uganda, 1, , , uganda, inherit, 0, 2022-03-31 00:55:35, 2022-03-31 00:55:35, 0, image/svg+xml, image, svg+xml, https://trees.org/wp-includes/images/media/default.png, 80, 85, https://trees.org/wp-content/uploads/2022/03/uganda.svg, 80, 85, https://trees.org/wp-content/uploads/2022/03/uganda.svg, 80, 85, https://trees.org/wp-content/uploads/2022/03/uganda.svg, 80, 85, https://trees.org/wp-content/uploads/2022/03/uganda.svg, 80, 85, https://trees.org/wp-content/uploads/2022/03/uganda.svg, 80, 85, https://trees.org/wp-content/uploads/2022/03/uganda.svg, 80, 85","Project Name: , Busia 3, Number of trees planted: , 1,875,000, Project Type: , Expansion, Started: , 2020"
4233,"project","busia-2","Busia 2","","","","","https://trees.org/project/busia-2/","","","24 Apr 2020","2020-04-24","https://trees.org/project/busia-2/, Read more, _self","F38G+5MH, Busia Uganda, Uganda, 0.464937, 34.077306, 3, ChIJo8xIuCehfxcRk_7wNwdmego, Busia Uganda, Eastern Region, Uganda, UG","Busia Uganda, Uganda","0.464937, 34.077306","5756, 5756, uganda, uganda.svg, 2747, https://trees.org/wp-content/uploads/2022/03/uganda.svg, https://trees.org/uganda/, uganda, 1, , , uganda, inherit, 0, 2022-03-31 00:55:35, 2022-03-31 00:55:35, 0, image/svg+xml, image, svg+xml, https://trees.org/wp-includes/images/media/default.png, 80, 85, https://trees.org/wp-content/uploads/2022/03/uganda.svg, 80, 85, https://trees.org/wp-content/uploads/2022/03/uganda.svg, 80, 85, https://trees.org/wp-content/uploads/2022/03/uganda.svg, 80, 85, https://trees.org/wp-content/uploads/2022/03/uganda.svg, 80, 85, https://trees.org/wp-content/uploads/2022/03/uganda.svg, 80, 85, https://trees.org/wp-content/uploads/2022/03/uganda.svg, 80, 85","Project Name: , Busia 2, Number of trees planted: , 1,187,000, Project Type: , Expansion, Started: , 2020"
4232,"project","mount-elgon-3","Mount Elgon 3","","","","","https://trees.org/project/mount-elgon-3/","","","24 Apr 2020","2020-04-24","https://trees.org/project/mount-elgon-3/, Read more, _self","V6MW+VX Bugobero, Uganda, 0.884746, 34.247413, 3, GhIJwYno19ZP7D8Rec2rOqsfQUA, Bugobero, Eastern Region, Uganda, UG","Bugobero, Uganda","0.884746, 34.247413","5756, 5756, uganda, uganda.svg, 2747, https://trees.org/wp-content/uploads/2022/03/uganda.svg, https://trees.org/uganda/, uganda, 1, , , uganda, inherit, 0, 2022-03-31 00:55:35, 2022-03-31 00:55:35, 0, image/svg+xml, image, svg+xml, https://trees.org/wp-includes/images/media/default.png, 80, 85, https://trees.org/wp-content/uploads/2022/03/uganda.svg, 80, 85, https://trees.org/wp-content/uploads/2022/03/uganda.svg, 80, 85, https://trees.org/wp-content/uploads/2022/03/uganda.svg, 80, 85, https://trees.org/wp-content/uploads/2022/03/uganda.svg, 80, 85, https://trees.org/wp-content/uploads/2022/03/uganda.svg, 80, 85, https://trees.org/wp-content/uploads/2022/03/uganda.svg, 80, 85","Project Name: , Mount Elgon 3, Number of trees planted: , 2,408,000, Project Type: , Expansion, Started: , 2020"
4231,"project","mount-elgon-2","Mount Elgon 2","","","","","https://trees.org/project/mount-elgon-2/","","","24 Apr 2020","2020-04-24","https://trees.org/project/mount-elgon-2/, Read more, _self","7H93+RJ Kampala, Uganda, 0.269521, 32.554111, 3, GhIJLnQlAtU_0T8RS633G-1GQEA, Kampala, Central Region, Uganda, UG","Kampala, Uganda","0.269521, 32.554111","5756, 5756, uganda, uganda.svg, 2747, https://trees.org/wp-content/uploads/2022/03/uganda.svg, https://trees.org/uganda/, uganda, 1, , , uganda, inherit, 0, 2022-03-31 00:55:35, 2022-03-31 00:55:35, 0, image/svg+xml, image, svg+xml, https://trees.org/wp-includes/images/media/default.png, 80, 85, https://trees.org/wp-content/uploads/2022/03/uganda.svg, 80, 85, https://trees.org/wp-content/uploads/2022/03/uganda.svg, 80, 85, https://trees.org/wp-content/uploads/2022/03/uganda.svg, 80, 85, https://trees.org/wp-content/uploads/2022/03/uganda.svg, 80, 85, https://trees.org/wp-content/uploads/2022/03/uganda.svg, 80, 85, https://trees.org/wp-content/uploads/2022/03/uganda.svg, 80, 85","Project Name: , Mount Elgon 2, Number of trees planted: , 1,089,000, Project Type: , Expansion, Started: , 2020"
4230,"project","mount-elgon-1","Mount Elgon 1","","","","","https://trees.org/project/mount-elgon-1/","","","24 Apr 2020","2020-04-24","https://trees.org/project/mount-elgon-1/, Read more, _self","X72G+5W Bubulo, Uganda, 0.95042, 34.277364, 3, GhIJtdsuNNdp7j8RO4veqYAjQUA, Bubulo, Eastern Region, Uganda, UG","Bubulo, Uganda","0.95042, 34.277364","5756, 5756, uganda, uganda.svg, 2747, https://trees.org/wp-content/uploads/2022/03/uganda.svg, https://trees.org/uganda/, uganda, 1, , , uganda, inherit, 0, 2022-03-31 00:55:35, 2022-03-31 00:55:35, 0, image/svg+xml, image, svg+xml, https://trees.org/wp-includes/images/media/default.png, 80, 85, https://trees.org/wp-content/uploads/2022/03/uganda.svg, 80, 85, https://trees.org/wp-content/uploads/2022/03/uganda.svg, 80, 85, https://trees.org/wp-content/uploads/2022/03/uganda.svg, 80, 85, https://trees.org/wp-content/uploads/2022/03/uganda.svg, 80, 85, https://trees.org/wp-content/uploads/2022/03/uganda.svg, 80, 85, https://trees.org/wp-content/uploads/2022/03/uganda.svg, 80, 85","Project Name: , Mount Elgon 1, Number of trees planted: , 1,361,000, Project Type: , Expansion, Started: , 2020"
4224,"project","homa-bay-5","Homa Bay 5","","","","","https://trees.org/project/homa-bay-5/","","","21 Apr 2020","2020-04-21","https://trees.org/project/homa-bay-5/, Read more, _self","Rangwe, Kenya, -0.6001342, 34.5839848, 3, ChIJhVj0FMktKxgRloMrPbjjrZE, Rangwe, Rangwe, Homa Bay County, Kenya, KE","Rangwe, Kenya","-0.6001342, 34.5839848","5757, 5757, kenya, kenya.svg, 4312, https://trees.org/wp-content/uploads/2022/03/kenya.svg, https://trees.org/kenya/, kenya, 1, , , kenya, inherit, 0, 2022-03-31 00:55:49, 2022-03-31 00:55:49, 0, image/svg+xml, image, svg+xml, https://trees.org/wp-includes/images/media/default.png, 73, 87, https://trees.org/wp-content/uploads/2022/03/kenya.svg, 73, 87, https://trees.org/wp-content/uploads/2022/03/kenya.svg, 73, 87, https://trees.org/wp-content/uploads/2022/03/kenya.svg, 73, 87, https://trees.org/wp-content/uploads/2022/03/kenya.svg, 73, 87, https://trees.org/wp-content/uploads/2022/03/kenya.svg, 73, 87, https://trees.org/wp-content/uploads/2022/03/kenya.svg, 73, 87","Project Name: , Homa Bay 5, Number of trees planted: , 943,000, Project Type: , Expansion, Started: , 2020"
